term,name,ename,sex,party,partyGroup,areaName,committee,onboardDate,degree,tel,experience,fax,addr,picUrl,leaveFlag,leaveDate,leaveReason,
09,孔文吉,Kung  Wen Chi,男,中國國民黨,中國國民黨,山地原住民,第9屆第1會期：經濟委員會;第9屆第2會期：經濟委員會,2016/02/01,臺灣大學外文系畢業;美國奧勒岡大學(University of Oregon)新聞碩士;英國羅芙堡大學(Loughborough University)社會學系媒體研究組博士,國會研究室：02-2358-8246,第6、7、8屆立法委員臺北市政府原住民事務委員會主任委員內政部民政司專員行政院新聞局聯絡室秘書財團法人公共電視文化事業基金會董事朝陽科技大學及文藻外語專科學校等助理教授東吳大學、東華大學、花蓮師範學院等兼任助理教授,國會研究室：02-2358-8250,國會研究室：10051臺北市中正區濟南路1段3-1號0203室,http://www.ly.gov.tw/upload/01_introduce/0103_leg/LGpicture/90006.jpg,否,,,
09,尤美女,Yu  Mei Nu,女,民主進步黨,民主進步黨,全國不分區,第9屆第1會期：司法及法制委員會;第9屆第1會期：程序委員會;第9屆第2會期：司法及法制委員會;第9屆第2會期：程序委員會,2016/02/01,國立臺灣大學法律學研究所碩士,國會研究室：02-2358-8112,第8屆立委台北律師公會前理事長台灣婦女團體全國聯合會創會理事長婦女新知基金會前董事長總統府前人權諮詢委員,國會研究室：02-2358-8113,國會研究室：10051臺北市中正區濟南路1段3-1號0402室,http://www.ly.gov.tw/upload/01_introduce/0103_leg/LGpicture/90007.jpg,否,,,
09,王定宇,Wang  Ting Yu,男,民主進步黨,民主進步黨,臺南市第5選舉區,第9屆第1會期：外交及國防委員會;第9屆第2會期：外交及國防委員會,2016/02/01,成功大學外文系80級;成功大學管理學院高階管理碩士97級;長榮大學經營管理所博士班,國會研究室：02-2358-8211;永康服務處：06-2739-217;南關線服務處：06-330-2318~9,臺南市議會第15、16屆議員台南直轄市第1屆市議員臺南市議會教育委員會召集人長老教會松年學講師臺南市教師會顧問臺南市教育產業工會顧問關中虎慢速球聯盟理事長電視台資深政論評論員,國會研究室：02-2358-8215;永康服務處：06-2739-817;南關線服務處：06-338-7412,國會研究室：10051臺北市中正區青島東路1號3205室;永康服務處：710臺南市永康區永大路一段259號(永大路及大灣東路口);南關線服務處：711臺南市歸仁區中山路三段129號,http://www.ly.gov.tw/upload/01_introduce/0103_leg/LGpicture/90003.jpg,否,,,
09,王育敏,Wang  Yu Min,女,中國國民黨,中國國民黨,全國不分區,第9屆第1會期：社會福利及衛生環境委員會;第9屆第1會期：程序委員會;第9屆第1會期：紀律委員會;第9屆第2會期：程序委員會;第9屆第2會期：紀律委員會;第9屆第2會期：社會福利及衛生環境委員會,2016/02/01,東海大學社會工作學系碩士;東海大學社會工作學系學士,國會研究室：02-2358-8261,第8屆立法委員總統府人權諮詢小組委員內政部兒少福利委員會委員兒童福利聯盟基金會執行長,國會研究室：02-2358-8265,國會研究室：10051臺北市中正區青島東路1號3401室,http://www.ly.gov.tw/upload/01_introduce/0103_leg/LGpicture/90002.jpg,否,,,
09,王金平,Wang  Jin Pyng,男,中國國民黨,中國國民黨,全國不分區,第9屆第1會期：外交及國防委員會;第9屆第2會期：外交及國防委員會,2016/02/01,臺灣省立師範大學數學系畢業,國會研究室：02-2358-8681;高雄服務處：07-607-5509,立法院院長、副院長中國國民黨副主席國家生技醫療產業策進會會長,國會研究室：02-2358-8685;高雄服務處：07-607-5669,國會研究室：10051臺北市中正區鎮江街2號1樓;高雄服務處：高雄市路竹區甲南村大仁路369巷7號,http://www.ly.gov.tw/upload/01_introduce/0103_leg/LGpicture/90001.jpg,否,,,
09,王惠美,Wang  Hui Mei,女,中國國民黨,中國國民黨,彰化縣第1選舉區,第9屆第1會期：經濟委員會;第9屆第2會期：經濟委員會,2016/02/01,彰化縣洛津國小 ;彰化縣鹿港國中 ;國立臺中第二高級中學;私立東海大學政治系學士學位、碩士學位;國立彰化師範大學財務金融學系博士班(就讀中),國會研究室：02-2358-6181;鹿港服務處：04-775-4168;和美服務處：04-757-8568,鹿鳴國中、伸港國中、大慶商工教師大葉大學、建國科技大學兼任講師彰化縣青年工作委員會總會長救國團鹿港鎮團委會會長鹿菁獅子會會長彰化縣土風舞協會理事長彰化縣議員鹿港鎮長立法委員彰化師範大學財務金融學系博士生,國會研究室：02-2358-6185;鹿港服務處：04-777-9150;和美服務處：04-757-4822,國會研究室：10051臺北市中正區濟南路1段3-1號0501室;鹿港服務處：彰化縣鹿港鎮永安里鹿東路55號;和美服務處：彰化縣和美鎮德美路456號,http://www.ly.gov.tw/upload/01_introduce/0103_leg/LGpicture/90004.jpg,否,,,
09,王榮璋,Wang  Jung Chang,男,民主進步黨,民主進步黨,全國不分區,第9屆第1會期：程序委員會;第9屆第1會期：財政委員會;第9屆第2會期：程序委員會;第9屆第2會期：財政委員會,2016/02/01,國立岡山高中畢業,國會研究室：02-2358-8258,中華民國身心障礙聯盟秘書長台灣社會心理復健協會理事長台灣社會福利總盟常務理事伊甸社會福利基金會顧問蘋果日報慈善基金會常務董事新境界文教基金會董事臺灣少年權益及福利促進聯盟顧問第6屆立法委員,國會研究室：02-2358-8260,國會研究室：10051臺北市中正區濟南路1段3-1號2101室,http://www.ly.gov.tw/upload/01_introduce/0103_leg/LGpicture/90005.jpg,否,,,
09,江永昌,Chiang  Yung Chang,男,民主進步黨,民主進步黨,新北市第8選舉區,第9屆第1會期：財政委員會;第9屆第2會期：財政委員會,2016/02/01,中和國小;海山國中;建國高中;中興大學物理學士;臺灣師範大學政治學研究所碩士,國會研究室：02-2358-8199;中和服務處：02-2249-7899,臺灣大學工業工程研究所碩士台北大學法律學院研究專班第2屆新北市議員第1屆新北市議員暨黨團幹事長第16屆臺北縣議員中和市市民代表立委趙永清國會助理凱達格蘭學校校友會監事陽光之友協會理事長紅十字會新北市分會副會長新北市義消第七大隊幹事,國會研究室：02-2358-8200;中和服務處：02-2249-7999,國會研究室：10051臺北市中正區濟南路1段3-1號2123室;中和服務處：新北市中和區中和路44號2樓,http://www.ly.gov.tw/upload/01_introduce/0103_leg/LGpicture/90008.jpg,否,,,
09,江啟臣,Chiang  Chi Chen,男,中國國民黨,中國國民黨,臺中市第8選舉區,第9屆第1會期：外交及國防委員會;第9屆第1會期：程序委員會;第9屆第1會期：紀律委員會;第9屆第2會期：程序委員會;第9屆第2會期：紀律委員會;第9屆第2會期：外交及國防委員會,2016/02/01,美國南卡羅萊納大學國際關係博士;美國匹茲堡大學國際事務碩士;國立政治大學外交學系;台中一中;豐南國中;瑞穗國小,國會研究室：02-2358-6726;豐原服務處：04-2515-9998;東勢服務處：04-2577-3099,中華民國第8屆立法委員行政院新聞局局長東吳大學政治系專任副教授立法院中華民國與新加坡國會議員友好協會會長台灣經濟研究院國際處代處長台灣新世代關懷協會理事長公民監督國會聯盟、財經立法促進院評選為立法院績優委員,國會研究室：02-2358-6730;豐原服務處：04-2515-6798;東勢服務處：04-2577-3167,國會研究室：10051臺北市中正區濟南路1段3-1號2102室;豐原服務處：臺中市豐原區南村路20號;東勢服務處：臺中市東勢區公園路36號,http://www.ly.gov.tw/upload/01_introduce/0103_leg/LGpicture/90009.jpg,否,,,
09,何欣純,Ho  Hsin Chun,女,民主進步黨,民主進步黨,臺中市第7選舉區,第9屆第1會期：教育及文化委員會;第9屆第2會期：教育及文化委員會,2016/02/01,塗城國小;成功國中;臺中女中;國立成功大學;英國約克大學婦女研究碩士,國會研究室：02-2358-8388;大里服務處：04-2483-6527;太平服務處：04-2276-3111,第8屆立法委員（公督盟評鑑教育文化委員會優秀立委、財促院評鑑教育組績優立委）立法院民進黨黨團副書記長第一屆大臺中市議員第15、16屆台中縣議員家扶中心北台中區副主任福田行善會、廣亮、同心、和風、合濟、眾愛等慈善團體會員,國會研究室：02-2358-8390;大里服務處：04-2482-8743;太平服務處：04-2276-3555,國會研究室：10051臺北市中正區濟南路1段3-1號0301室;大里服務處：臺中市大里區大里路63號;太平服務處：臺中市太平區新平路二段142號,http://www.ly.gov.tw/upload/01_introduce/0103_leg/LGpicture/90010.jpg,否,,,
09,余宛如,Yu  Wan Ju,女,民主進步黨,民主進步黨,全國不分區,第9屆第1會期：程序委員會;第9屆第1會期：財政委員會;第9屆第2會期：程序委員會;第9屆第2會期：財政委員會,2016/02/01,倫敦大學亞非學院飲食人類學碩士;臺灣大學經濟系學士,國會研究室：02-2358-8011,生態綠(股)公司創辦人、董事長Fairtrade Taiwan臺灣公平貿易推廣協會理事長社會企業發展聯盟理事綠色電商聯盟副理事長,國會研究室：02-2358-8015,國會研究室：10051臺北市中正區青島東路10號3503室,http://www.ly.gov.tw/upload/01_introduce/0103_leg/LGpicture/90011.jpg,否,,,
09,吳玉琴,Wu  Yu Chin,女,民主進步黨,民主進步黨,全國不分區,第9屆第1會期：程序委員會;第9屆第1會期：社會福利及衛生環境委員會;第9屆第2會期：程序委員會;第9屆第2會期：社會福利及衛生環境委員會,2016/02/01,東海大學社會工作碩士;政治大學社會學系學士;嘉義女中,國會研究室：02-2358-6046,中華民國老人福利推動聯盟秘書長臺灣社會福利總盟理事長衛福部老人福利推動小組委員衛福部全民健康保險會委員實踐大學社會工作學系講師,國會研究室：02-2358-6050,國會研究室：10051臺北市中正區濟南路1段3-1號2115室,http://www.ly.gov.tw/upload/01_introduce/0103_leg/LGpicture/90012.jpg,否,,,
09,吳志揚,Wu  Chih Yang,男,中國國民黨,中國國民黨,全國不分區,第9屆第1會期：教育及文化委員會;第9屆第2會期：教育及文化委員會,2016/02/01,哈佛大學法學碩士;臺灣大學法律研究所碩士;臺灣大學法律系畢業,國會研究室：02-2358-6411;中壢服務處：03-280-5398,中華職業棒球大聯盟會長桃園縣長第6、7屆立法委員中原大學、台灣警專榮譽教授執業律師,國會研究室：02-2358-6415;中壢服務處：03-280-5399,國會研究室：10051臺北市中正區濟南路1段3-1號2117室;中壢服務處：桃園市中壢區中正路131號,http://www.ly.gov.tw/upload/01_introduce/0103_leg/LGpicture/90013.jpg,否,,,
09,吳秉叡,Wu Ping Jui,男,民主進步黨,民主進步黨,新北市第4選舉區,第9屆第1會期：財政委員會;第9屆第2會期：財政委員會,2016/02/01,士林國小;成功高中;國立政治大學法律系法學組學士;國立政治大學法律研究所碩士,國會研究室：02-2358-6858;新北總服務處：02-8522-5786;大新莊服務處：02-2276-8287;福營服務處：02-2208-3852,野百合學運政大學生代表司法官訓練所29期臺東地方法院法官臺灣司法改革連線成員凱達格蘭學校國策班第1期。臺北縣政府縣長機要秘書第6屆立法委員律師民進黨臺北縣、新北市黨部主委第8屆不分區立法委員第8屆第4、5會期民進黨立法院黨團書記長,國會研究室：02-2358-6859;新北總服務處：02-8522-5726;大新莊服務處：02-2277-5657;福營服務處：02-2208-3853,國會研究室：10051臺北市中正區濟南路1段3-1號0902室;新北總服務處：新北市新莊區化成路路814巷1號;大新莊服務處：新北市新莊區中原路327號1樓;福營服務處：新北市新莊區後港一路130巷17號1樓,http://www.ly.gov.tw/upload/01_introduce/0103_leg/LGpicture/90014.jpg,否,,,
09,吳思瑤,Wu  Szu Yao,女,民主進步黨,民主進步黨,臺北市第1選舉區,第9屆第1會期：教育及文化委員會;第9屆第2會期：教育及文化委員會,2016/02/01,臺灣大學政治學研究所碩士;輔仁大學西語系、日語系文學雙學士,國會研究室：02-2358-8131;北投服務處：02-2820-5800,臺北市議員(第10、11、12屆)臺北市議會民進黨團總召集人民進黨中常委、中執委、中評委,國會研究室：02-2358-8135;北投服務處：02-2820-3500,國會研究室：10051臺北市中正區青島東路1號3108室;北投服務處：臺北市北投區承德路七段196號,http://www.ly.gov.tw/upload/01_introduce/0103_leg/LGpicture/90015.jpg,否,,,
09,吳焜裕,Wu  Kuen Yuh,男,民主進步黨,民主進步黨,全國不分區,第9屆第1會期：程序委員會;第9屆第1會期：社會福利及衛生環境委員會;第9屆第2會期：程序委員會;第9屆第2會期：社會福利及衛生環境委員會,2016/02/01,美國北卡蘿萊納大學教堂山分校環境工程科博士(毒理);美國北卡蘿萊納大學教堂山分校碩士(環境工程科學);國立陽明大學醫學工程碩士;國立清華大學化學工程系學士;嘉義高中;嘉義市民生國中;嘉義市志航國小,國會研究室：02-2358-6222,臺灣大學職業醫學與工業衛生研究所教授國家衛生研究院環境衛生與職業醫學組副研究員中國醫藥大學職業安全與衛生學系助理教授臺灣風險分析學會理事長中華民國環境保護學會常務理事環保團體看守臺灣協會理事長臺灣環保聯盟副會長,國會研究室：02-2358-6225,國會研究室：10051臺北市中正區青島東路1號3309室,http://www.ly.gov.tw/upload/01_introduce/0103_leg/LGpicture/90016.jpg,否,,,
09,吳琪銘,Wu  Chi Ming,男,民主進步黨,民主進步黨,新北市第10選舉區,第9屆第1會期：內政委員會;第9屆第2會期：內政委員會,2016/02/01,德霖技術學院畢,國會研究室：02-2358-6316;土城服務處：02-2270-1580;三峽服務處：02-2673-2636,2002年土城市民代表2004年任務型國代2005年當選第16屆臺北縣議員2010年當選新北市第1屆市議員2013、2014年擔任議會教育召集人2014年當選新北市第2屆市議員新北市消防局義勇消防隊第5大隊大隊長土城區雲林同鄉會創會長新北市礦工協會榮譽理事長大漢溪文教基金會董事長國立政治大學行政管理碩士學分班,國會研究室：02-2358-6320;土城服務處：02-2270-0802;三峽服務處：02-8671-6968,國會研究室：10051臺北市中正區濟南路1段3-1號0605室;土城服務處：新北市土城區金城路三段172號;三峽服務處：新北市三峽區中正路一段218號,http://www.ly.gov.tw/upload/01_introduce/0103_leg/LGpicture/90017.jpg,否,,,
09,呂玉玲,Lu  Yu Ling,女,中國國民黨,中國國民黨,桃園市第5選舉區,第9屆第1會期：外交及國防委員會;第9屆第2會期：外交及國防委員會,2016/02/01,桃園創新技術學院企業管理科;桃園市育達高中;桃園市中壢國中;桃園市中壢國小,國會研究室：02-2358-6836;平鎮服務處：03-401-5616;龍潭服務處：03-409-6688;03-480-6549,中華民國第8屆立法委員中國國民黨第19屆中央委員中國國民黨桃園市平鎮區委員會主任委員珍珠國際同濟會第10屆會長桃園市守望相助大隊平鎮中隊長國立中央大學客家學院平鎮客家書院執行委員桃園市體育會划船委員會主任委員桃園市平鎮區槌球推廣協會理事長婦聯青溪桃園縣支會主任委員中華民國婦女聯合會平鎮分會主任委員桃園市平鎮區志工協會理事長桃園市平鎮區社區營造協會理事長,國會研究室：02-2358-6840;平鎮服務處：03-401-0616,國會研究室：10051臺北市中正區濟南路1段3-1號0903室;平鎮服務處：桃園縣平鎮市復興街68號;龍潭服務處：桃園縣龍潭鄉華南路一段135號,http://www.ly.gov.tw/upload/01_introduce/0103_leg/LGpicture/90018.jpg,否,,,
09,呂孫綾,Lu  Sun Ling,女,民主進步黨,民主進步黨,新北市第1選舉區,第9屆第1會期：外交及國防委員會;第9屆第2會期：外交及國防委員會,2016/02/01,淡水國小;聖心女中;文化大學政治學系;文化大學政治研究所碩士,國會研究室：02-2358-6526;淡水區服務處：02-8626-9666;林口區服務處：02-8601-9199;泰山區：立法委員呂孫綾／副議長陳文治／里長陳文貴聯合務處：02-2906-2727;泰山區：立法委員呂孫綾／議員賴秋煝聯合服務處：02-2296-6994,文化大學政治研究所博士生民進黨第14、 15、16屆中央執行委員淡信慈善基金會執行長淡水民主協會常務理事新北市教育發展協會副總幹事,國會研究室：02-2358-6530;淡水區服務處：02-8626-0128;林口區服務處：02-8601-9299;泰山區：立法委員呂孫綾／副議長陳文治／里長陳文貴聯合務處：02-2908-4355;泰山區：立法委員呂孫綾／議員賴秋煝聯合服務處：02-2909-5641,國會研究室：10051臺北市中正區濟南路1段3-1號0805室;淡水區服務處：新北市淡水區淡金路24號;林口區服務處：新北市林口區文化三路二段326號;泰山區：立法委員呂孫綾／副議長陳文治／里長陳文貴聯合務處：新北市泰山區新明里中央路5巷32-3號;泰山區：立法委員呂孫綾／議員賴秋煝聯合服務處：新北市泰山區文程路18巷12號,http://www.ly.gov.tw/upload/01_introduce/0103_leg/LGpicture/90019.jpg,否,,,
09,李昆澤,Lee  Kun Tse,男,民主進步黨,民主進步黨,高雄市第6選舉區,第9屆第1會期：交通委員會;第9屆第2會期：交通委員會,2016/02/01,輔大歷史系畢;中山大學政治學碩士,國會研究室：02-2358-6086;高雄服務處：07-386-8292,蔡英文主席特別助理第6、8屆立法委員（交通委員會召委）第6屆高雄市議員（民進黨團總召）第3屆國大代表（修憲審查小組召集人）高雄縣政府新聞室主任民進黨大型造勢晚會主持人陳定南立委特別助理台灣人權促進會總幹事台灣人權雜誌總主筆台灣環保聯盟幹事電器維修工成衣廠縫紉機維修工,國會研究室：02-2358-6090;高雄服務處：07-386-3277,國會研究室：10051臺北市中正區濟南路1段3-1號0306室;高雄服務處：高雄市三民區大昌二路63號,http://www.ly.gov.tw/upload/01_introduce/0103_leg/LGpicture/90020.jpg,否,,,
09,李俊俋,Lee  Chun Yi,男,民主進步黨,民主進步黨,嘉義市選舉區,第9屆第1會期：內政委員會;第9屆第2會期：內政委員會,2016/02/01,美國波士頓學院政治研究所碩士;文化大學政治系學士;嘉義市民族國小,國會研究室：02-2358-6541;嘉義服務處：05-271-9595,總統府國策顧問兼憲改辦公室主任考試院銓敘部政務次長嘉義市副市長,國會研究室：02-2358-6545;嘉義服務處：05-277-9775,國會研究室：10051臺北市中正區濟南路1段3-1號1001室;嘉義服務處：600嘉義市西區興達路280號,http://www.ly.gov.tw/upload/01_introduce/0103_leg/LGpicture/90021.jpg,否,,,
09,李彥秀,Lee  Yen Hsiu,女,中國國民黨,中國國民黨,臺北市第4選舉區,第9屆第1會期：程序委員會;第9屆第1會期：社會福利及衛生環境委員會;第9屆第2會期：程序委員會;第9屆第2會期：社會福利及衛生環境委員會,2016/02/01,美國加州爾灣大學經濟系畢業,國會研究室：02-2358-6281;南港服務處：02-2783-4987;內湖服務處：02-2798-9288,臺北市議會第8、9、10、11、12屆市議員青溪婦聯會南港支分會主任委員南港區體育會理事長,國會研究室：02-2358-6925;南港服務處：02-2651-1941;內湖服務處：02-2798-6766,國會研究室：10051臺北市中正區濟南路1段3-1號2119室;南港服務處：臺北市南港區研究院路二段70巷10弄8號;內湖服務處：臺北市內湖區內湖路一段737巷27號2樓,http://www.ly.gov.tw/upload/01_introduce/0103_leg/LGpicture/90022.jpg,否,,,
09,李應元,Lee  Ying Yuan,男,民主進步黨,民主進步黨,全國不分區,,2016/02/01,崙背國小;虎尾初中;台中一中;台大公共衛生學系學士、碩士;哈佛大學醫管碩士;美國北卡醫療經濟學博士;,國會研究室：02-2358-8156;新莊服務處：02-2279-7241,立法委員駐美副代表 行政院秘書長行政院勞工委員會主任委員行政院政務委員,國會研究室：02-2358-8160;新莊服務處：02-2996-5221,國會研究室：10051臺北市中正區濟南路1段3-1號0701室;新莊服務處：新北市新莊區中原路243號,http://www.ly.gov.tw/upload/01_introduce/0103_leg/LGpicture/90023.jpg,是,2016/05/20,依台立人字第1050003490號函自105年05月20日辭去立法委員職務。,
09,李鴻鈞,Lee  Hung Chun,男,親民黨,親民黨,全國不分區,第9屆第1會期：交通委員會;第9屆第2會期：交通委員會,2016/02/01,日本大學結構工程學博士;黎明工專畢業,國會研究室：02-2358-6236;新莊服務處：02-2992-9199;泰山服務處：02-2297-7093,第5、6、7、8屆立法委員立法院台日交流聯誼會會長淡江大學建築所兼任副教授中華民國紅十字會總會理事台灣民主基金會董事,國會研究室：02-2358-6240;新莊服務處：02-2992-9818;泰山服務處：02-2900-0833,國會研究室：10051臺北市中正區濟南路1段3-1號1108室;新莊服務處：新北市新莊區公園路36號,http://www.ly.gov.tw/upload/01_introduce/0103_leg/LGpicture/90024.jpg,否,,,
09,李麗芬,Lee  Li Feng,女,民主進步黨,民主進步黨,全國不分區,第9屆第1會期：教育及文化委員會;第9屆第2會期：教育及文化委員會,2016/05/26,東海大學社會學系,國會研究室：02-2358-8328,台灣展翅協會秘書長國際終止兒少性剝削組織東亞執委台灣女人連線理事行政院防制人口販運協調會委員行政院兒童及少年福利與權益推動小組委員,國會研究室：02-2358-8245,國會研究室：100臺北市中正區青島東路1號3111室,http://www.ly.gov.tw/upload/01_introduce/0103_leg/LGpicture/90115.jpg,否,,,
09,谷辣斯．尤達卡Kolas Yotaka,Kolas Yotaka,女,民主進步黨,民主進步黨,全國不分區,第9屆第1會期：內政委員會;第9屆第2會期：內政委員會,2016/02/01,臺中女中;東海大學社會學系;東海大學社會學系研究所碩士,國會研究室：02-2358-6031;樂合服務處：03-888-6527;玉里服務處：03-888-0219,桃園市政府原住民族行政局長原住民族電視台新聞部副理兼採訪中心組長、主播biz互動英語執行主編民視新聞部記者公共電視執行製作,國會研究室：02-2358-6035;樂合服務處：03-888-6446;玉里服務處：03-888-5070,國會研究室：10051臺北市中正區濟南路1段3-1號0201室;樂合服務處：89147花蓮縣玉里鎮樂合里12鄰39號;玉里服務處：花蓮縣玉里鎮民國路二段158-1號,http://www.ly.gov.tw/upload/01_introduce/0103_leg/LGpicture/90025.jpg,否,,,
09,邱志偉,Chiu  Chih Wei,男,民主進步黨,民主進步黨,高雄市第2選舉區,第9屆第1會期：經費稽核委員會;第9屆第1會期：經濟委員會;第9屆第2會期：經費稽核委員會;第9屆第2會期：經濟委員會,2016/02/01,淡江大學俄羅斯研究所法學碩士;國立臺灣大學國家發展研究所法學碩士;國立中山大學大陸研究所社會科學博士,國會研究室：02-2358-6561;岡山服務處：07-623-0655;路竹服務處：07-696-8050;梓官服務處：07-610-7303;橋頭服務處：07-612-6127;彌陀聯絡處：07-623-0655;茄萣服務處：07-623-0655,第8屆立法委員高雄市政府民政局長高雄縣政府民政處長修憲國民大會代表立陶宛維爾紐斯大學講座教授愛沙尼亞塔圖大學講座教授南華大學旅遊系助理教授英國劍橋大學國際關係研究所比利時魯汶大學歐洲研究所中正大學國際經濟所博士班,國會研究室：02-2358-6565;岡山服務處：07-623-0671;路竹服務處：07-696-8052;梓官服務處：07-610-7383,國會研究室：10051臺北市中正區濟南路1段3-1號0607室;岡山服務處：高雄市岡山區中山南路385號;路竹服務處：高雄市路竹區國昌路193號;梓官服務處：高雄市梓官區梓官路361號;橋頭服務處：高雄市橋頭區新興路13號;彌陀聯絡處：高雄市彌陀區鹽埕大路75號;茄萣服務處：高雄市茄萣區東港街105號,http://www.ly.gov.tw/upload/01_introduce/0103_leg/LGpicture/90036.jpg,否,,,
09,邱議瑩,Chiu  Yi Ying,女,民主進步黨,民主進步黨,高雄市第1選舉區,第9屆第1會期：經濟委員會;第9屆第2會期：經濟委員會,2016/02/01,高雄市道明高中;美國舊金山多明尼肯大學企管研究所碩士,國會研究室：02-2358-6516;美濃服務處：07-681-8755,第3屆國民大會代表第8、9屆民進黨中央常務委員行政院客家委員會副主委第5、7、8屆立法委員,國會研究室：02-2358-6520;美濃服務處：07-681-8677,國會研究室：10051臺北市中正區濟南路1段3-1號0801室;美濃服務處：843高雄市美濃區泰安路228號,http://www.ly.gov.tw/upload/01_introduce/0103_leg/LGpicture/90037.jpg,否,,,
09,周春米,Chou  Chun Mi,女,民主進步黨,民主進步黨,全國不分區,第9屆第1會期：司法及法制委員會;第9屆第2會期：司法及法制委員會,2016/02/01,國立臺灣大學法律學系畢業,國會研究室：02-2358-8181;屏東服務處：08-733-8312,執業律師屏東律師公會理事長曾任台灣高雄、屏東地方法院法官,國會研究室：02-2358-8185;屏東服務處：08-734-9877,國會研究室：10051臺北市中正區濟南路1段3-1號0603室;屏東服務處：屏東市忠孝路149-3號,http://www.ly.gov.tw/upload/01_introduce/0103_leg/LGpicture/90026.jpg,否,,,
09,周陳秀霞,Chou Chen  Hsiu Hsia,女,親民黨,親民黨,全國不分區,第9屆第1會期：司法及法制委員會;第9屆第2會期：司法及法制委員會,2016/02/01,臺南縣立官田國民中學畢業,國會研究室：02-2358-6056;楠西服務處：06-575-1398;永康服務處：06-272-6156,中華民國婦女聯合會主任委員13年臺南市議會議長李全教辦公室主任臺南縣議會議長周五六服務處主任立法委員周五六服務處主任農民權益保障代表人,國會研究室：02-2358-6060;永康服務處：06-272-6256,國會研究室：10051臺北市中正區濟南路1段3-1號0207室;永康服務處：臺南市永康區大灣東路23號,http://www.ly.gov.tw/upload/01_introduce/0103_leg/LGpicture/90027.jpg,否,,,
09,林岱樺,Lin  Tai Hua,女,民主進步黨,民主進步黨,高雄市第4選舉區,第9屆第1會期：紀律委員會;第9屆第1會期：經濟委員會;第9屆第2會期：紀律委員會;第9屆第2會期：經濟委員會,2016/02/01,天主教輔仁大學德文系畢業;美國威斯康辛大學大眾傳播碩士,國會研究室：02-2358-8021;大竂服務處：07-781-8117,德國卡賽爾綜合大學德語教學研究結業第5、6、7、8屆立法委員行政院青輔會主委2009年民進黨提名參選高雄縣長；因縣市合併停選立法院經濟委員會召集委員民進黨（第8、9屆）全國黨代表民進黨第10、11屆中央執行委員民進黨第14屆中央評議委員,國會研究室：02-2358-8030;大竂服務處：07-781-8167,國會研究室：10051臺北市中正區濟南路1段3-1號0706室;大竂服務處：高雄市大竂區力行路61號,http://www.ly.gov.tw/upload/01_introduce/0103_leg/LGpicture/90028.jpg,否,,,
09,林俊憲,Lin  Chun Hsien,男,民主進步黨,民主進步黨,臺南市第4選舉區,第9屆第1會期：交通委員會;第9屆第2會期：交通委員會,2016/02/01,臺南一中畢業;國立成功大學企管系畢業;美國密蘇里大學企管碩士(u. of MissouriMBA);臺大國家發展研究所博士班,國會研究室：02-2358-6931;東區服務處：06-2091-120;安平、南區服務處：06-2921-235,臺南市第14、15、16屆議員(1997-2010)民進黨中央黨部發言人賴清德競選市長執行總幹事民進黨中央執行委員長榮大學-國際企業系兼任講師,國會研究室：02-2358-6935;東區服務處：06-2091-150;安平、南區服務處：06-2612-117,國會研究室：10051臺北市中正區濟南路1段3-1號1006室;東區服務處：701臺南市東區凱旋路225號;安平、南區服務處：702臺南市南區中華西路一段234號,http://www.ly.gov.tw/upload/01_introduce/0103_leg/LGpicture/90029.jpg,否,,,
09,林昶佐,Lim  Tshiong Tso,男,時代力量,時代力量,臺北市第5選舉區,第9屆第1會期：外交及國防委員會;第9屆第2會期：外交及國防委員會,2016/02/01,國立台北大學企業管理學系學士,國會研究室：02-2358-6121;中正萬華服務處：02-2302-8910,時代力量創黨工程隊總隊長時代力量主席團成員國際知名閃靈樂團主唱國際特赦組織台灣分會理事長行政院二二八基金會董事獨立音樂協會理事長曾獲金曲獎、總統文化獎,國會研究室：02-2358-6125;中正萬華服務處：02-2302-8950,國會研究室：10051臺北市中正區濟南路1段3-1號0803室;中正萬華服務處：100臺北市中正區莒光路88號,http://www.ly.gov.tw/upload/01_introduce/0103_leg/LGpicture/90030.jpg,否,,,
09,林為洲,Lin  Wei Chou,男,中國國民黨,中國國民黨,新竹縣選舉區,第9屆第1會期：紀律委員會;第9屆第1會期：司法及法制委員會;第9屆第2會期：紀律委員會;第9屆第2會期：司法及法制委員會,2016/02/01,國立中央大學中文系畢業,國會研究室：02-2358-6911;新竹縣服務處：03-657-3081,第6屆立法委員第14、15、18屆新竹縣議員第17屆新竹縣議會副議長中國國民黨新竹縣黨部主任委員,國會研究室：02-2358-6915;新竹縣服務處：03-6573082,國會研究室：10051臺北市中正區濟南路1段3-1號0202室;新竹縣服務處：新竹縣竹北市縣政二路101號,http://www.ly.gov.tw/upload/01_introduce/0103_leg/LGpicture/90031.jpg,否,,,
09,林淑芬,Lin  Shu Fen,女,民主進步黨,民主進步黨,新北市第2選舉區,第9屆第1會期：紀律委員會;第9屆第1會期：社會福利及衛生環境委員會;第9屆第2會期：紀律委員會;第9屆第2會期：社會福利及衛生環境委員會,2016/02/01,,國會研究室：02-2358-8186;蘆洲服務處：02-8285-6412;五股服務處：02-2291-2995,第6、7、8屆立法委員,國會研究室：02-2358-8190;蘆洲服務處：02-2281-7980;五股服務處：02-2291-2355,國會研究室：10051臺北市中正區青島東路1號3202室;蘆洲服務處：新北市蘆洲區長興路25號;五股服務處：新北市五股區民義路一段37號,http://www.ly.gov.tw/upload/01_introduce/0103_leg/LGpicture/90032.jpg,否,,,
09,林德福,Lin  Te Fu,男,中國國民黨,中國國民黨,新北市第9選舉區,第9屆第1會期：司法及法制委員會;第9屆第1會期：程序委員會;第9屆第2會期：司法及法制委員會;第9屆第2會期：程序委員會,2016/02/01,臺北縣立頂溪國小畢業;臺灣省立板橋中學畢業;私立開南高級商工職業學校畢業,國會研究室：02-2358-6995;永和服務處：02-2232-9899,臺北縣永和市第3屆市民代表臺北縣永和市第4屆代表會副主席臺北縣永和市第5、6屆市長臺北縣鄉鎮市長聯誼會會長新北市立新店高中文教基金會董事長中華民國第5、6、7、8屆立法委員開南大學副董事長國立政治大學法律實務班結業,國會研究室：02-2358-6999;永和服務處：02-3233-4625,國會研究室：10051臺北市中正區青島東路1號3201室;永和服務處：新北市永和區永和路二段403號,http://www.ly.gov.tw/upload/01_introduce/0103_leg/LGpicture/90033.jpg,否,,,
09,林靜儀,Lin  Ching Yi,女,民主進步黨,民主進步黨,全國不分區,第9屆第1會期：程序委員會;第9屆第1會期：社會福利及衛生環境委員會;第9屆第2會期：程序委員會;第9屆第2會期：社會福利及衛生環境委員會,2016/02/01,台大分子醫學研究所碩士;中山醫學大學醫學研究所碩士,國會研究室：02-2358-6781,中山醫學大學醫學研究所博士候選人民進黨中央黨部婦女發展部主任中山醫大附設醫院產科主任行政院婦權會委員,國會研究室：02-2358-6785,國會研究室：10051臺北市中正區濟南路1段3-1號0906室,http://www.ly.gov.tw/upload/01_introduce/0103_leg/LGpicture/90034.jpg,否,,,
09,林麗蟬,Lin  Li Chan,女,中國國民黨,中國國民黨,全國不分區,第9屆第1會期：內政委員會;第9屆第2會期：內政委員會,2016/02/01,國立暨南國際大學非營利組織經營管理碩士;建國科技大學美容系,國會研究室：02-2358-6646,行政院青年顧問新住民事務協調會報委員十傑基金會董事台灣新移民發展與交流協會理事長,國會研究室：02-2358-6650,國會研究室：10051臺北市中正區濟南路1段3-1號0907室,http://www.ly.gov.tw/upload/01_introduce/0103_leg/LGpicture/90035.jpg,否,,,
09,姚文智,Yao  Wen Chih,男,民主進步黨,民主進步黨,臺北市第2選舉區,第9屆第1會期：內政委員會;第9屆第2會期：內政委員會,2016/02/01,輔仁大學大眾傳播系學士;政治大學政治研究所碩士,國會研究室：02-2358-6758;士林服務處：02-2881-1559;大同服務處：02-2559-7736,自由時報記者、編輯高雄市新聞處長、副秘書長愛河整治工作小組召集人文建會公共藝術獎共同得獎人台視董事兼文化公司總經理行政院新聞局長蘭雅國中、輔大、政大社科院傑出校友2014年柯文哲競選臺北市市長後援會總會長士林大同選出立法委員,國會研究室：02-2358-6040;士林服務處：02-281-1561;大同服務處：02-2559-7737,國會研究室：10051臺北市中正區濟南路1段3-1號1102室;士林服務處：臺北市士林區承德路四段235號;大同服務處：臺北市大同區承德路一段52號,http://www.ly.gov.tw/upload/01_introduce/0103_leg/LGpicture/90038.jpg,否,,,
09,施義芳,Shih  Yi Fang,男,民主進步黨,民主進步黨,全國不分區,第9屆第1會期：財政委員會;第9屆第2會期：財政委員會,2016/05/26,中央大學土木工程學系碩士;臺灣科技大學營建工程技術系學士,國會研究室：02-2358-8156,中華民國土木技師公會全國聯合會理事長台灣省土木技師公會理事長,國會研究室：02-2358-8160,國會研究室：100臺北市中正區濟南路一段3-1號0701室,http://www.ly.gov.tw/upload/01_introduce/0103_leg/LGpicture/90114.jpg,否,,,
09,柯志恩,Ko  Chih En,女,中國國民黨,中國國民黨,全國不分區,第9屆第1會期：教育及文化委員會;第9屆第2會期：教育及文化委員會,2016/02/01,美國南加大教育心理學博士,國會研究室：02-2358-6711,美國密西根州立大學教育碩士國立政治大學教育系學士淡江大學學務長、淡江大學教心所專任教授、高等教育評鑑中心心理學門評鑑委員,國會研究室：02-2358-6715,國會研究室：10051臺北市中正區青島東路10號3506室,http://www.ly.gov.tw/upload/01_introduce/0103_leg/LGpicture/90039.jpg,否,,,
09,柯建銘,Ker  Chien Ming,男,民主進步黨,民主進步黨,新竹市選舉區,第9屆第1會期：司法及法制委員會;第9屆第2會期：司法及法制委員會,2016/02/01,新竹國小;新竹一中(建華國中);新竹中學;中山醫學大學牙醫科,國會研究室：02-2358-6106;新竹服務處：03-526-9880,民進黨第2、3、4、5、6、7、8屆立法委員立法院民進黨黨團第5、6、7、8屆總召集人民進黨中常委、財委會主任委員民進黨政策會執行長總統府九人決策小組成員民進黨代理主席(2004.12~2005.01；2011.3~2011.5),國會研究室：02-2358-6110;新竹服務處：03-523-2902,國會研究室：10051臺北市中正區濟南路1段3-1號2118室;新竹服務處：新竹市四維路15號3樓,http://www.ly.gov.tw/upload/01_introduce/0103_leg/LGpicture/90040.jpg,否,,,
09,段宜康,Tuan  Yi kang,男,民主進步黨,民主進步黨,全國不分區,第9屆第1會期：程序委員會;第9屆第1會期：司法及法制委員會;第9屆第1會期：紀律委員會;第9屆第2會期：司法及法制委員會;第9屆第2會期：紀律委員會;第9屆第2會期：程序委員會,2016/02/01,國立臺灣大學政治學系學士,國會研究室：02-2358-6196,第7、8屆臺北市議員第5、8屆立法委員民進黨政策會執行長,國會研究室：02-2358-6200,國會研究室：10051臺北市中正區濟南路1段3-1號0308室,http://www.ly.gov.tw/upload/01_introduce/0103_leg/LGpicture/90041.jpg,否,,,
09,洪宗熠,Hung  Chun Yi,男,民主進步黨,民主進步黨,彰化縣第3選舉區,第9屆第1會期：內政委員會;第9屆第2會期：內政委員會,2016/02/01,國立彰化師範大學行政管理碩士;國立中興大學公共行政系法學士,國會研究室：02-2358-8316;溪湖服務處：04-881-6551;北斗服務處：04-887-6769,第15、16、17、18屆彰化縣議員,國會研究室：02-2358-8320;溪湖服務處：04-822-1620;北斗服務處：04-887-6424,國會研究室：10051臺北市中正區濟南路1段3-1號0806室;二林服務處：500彰化縣二林鎮豐田里二溪路一段207號;溪湖服務處：500彰化縣溪湖鎮東寮里員鹿路三段493號;北斗服務處：500彰化縣北斗鎮居仁里復興路28號,http://www.ly.gov.tw/upload/01_introduce/0103_leg/LGpicture/90042.jpg,否,,,
09,洪慈庸,Hung  Tzu Yung,女,時代力量,時代力量,臺中市第3選舉區,第9屆第1會期：社會福利及衛生環境委員會;第9屆第2會期：社會福利及衛生環境委員會,2016/02/01,后里區內埔國小;臺中市后里國中;國立台中商專;國立高雄第一科技大學行銷與流通管理學系,國會研究室：02-2358-6581;大雅服務處：04-2560-6118;后里服務處：04-2557-3188,時代力量黨青年事務委員會召集人臺灣青年基金會副執行長洪仲丘事件洪家對外代表遠綠科技公司專案經理GfK捷孚凱行銷研究顧問公司零售通路服務專員,國會研究室：02-2358-6585;大雅服務處：04-2560-7170;后里服務處：04-2557-3199,國會研究室：10051臺北市中正區濟南路1段3-1號0808室;大雅服務處：臺中市大雅區雅環路二段285號;后里服務處：臺中市后里區四村路85號,http://www.ly.gov.tw/upload/01_introduce/0103_leg/LGpicture/90043.jpg,否,,,
09,徐永明,Hsu  Yung Ming,男,時代力量,時代力量,全國不分區,第9屆第1會期：程序委員會;第9屆第1會期：經濟委員會;第9屆第2會期：程序委員會;第9屆第2會期：經濟委員會,2016/02/01,建國中學;國立臺灣大學政治學系;美國密西根大學政治學博士,國會研究室：02-2358-6233,中研院助理研究員行政院研考會委員行政院公投審議委員公民監督國會聯盟學術委員時代力量政策小組召集人財團法人臺灣智庫執行委員新臺灣國策智庫民調中心主任東吳大學政治系教授,國會研究室：02-2358-6235,國會研究室：10051臺北市中正區青島東路1號3406室,http://www.ly.gov.tw/upload/01_introduce/0103_leg/LGpicture/90044.jpg,否,,,
09,徐志榮,Hsu  Chih Jung,男,中國國民黨,中國國民黨,苗栗縣第2選舉區,第9屆第1會期：外交及國防委員會;第9屆第2會期：外交及國防委員會,2016/02/01,省立苗栗高中畢業 ;日本國立石川高等職業學校畢業,國會研究室：02-2358-6266;公館服務處：037-223-566;苗栗服務處：037-368-811;頭份服務處：037-686-688,第8屆立法委員 行政院政務顧問 苗栗縣公館鄉第13、14屆鄉長 苗栗縣體育會理事長 苗栗縣徐氏宗親會副理事長 苗栗縣義消總隊總隊長 苗栗縣後備指揮部顧問,國會研究室：02-2358-6270;公館服務處：037-239-233;苗栗服務處：037-368-877;頭份服務處：037-686-611,國會研究室：10051臺北市中正區濟南路1段3-1號0802室;公館服務處：苗栗縣公館鄉玉泉村367號2樓;苗栗服務處：苗栗縣苗栗市縣府路70號;頭份服務處：苗栗縣頭份鎮中山路292號,http://www.ly.gov.tw/upload/01_introduce/0103_leg/LGpicture/90045.jpg,否,,,
09,徐國勇,Hsu  Kuo Yung,男,民主進步黨,民主進步黨,全國不分區,第9屆第1會期：財政委員會;第9屆第1會期：紀律委員會;第9屆第1會期：經費稽核委員會;第9屆第2會期：紀律委員會;第9屆第2會期：經費稽核委員會;第9屆第2會期：財政委員會,2016/02/01,省立台北師專啟智教育組畢業;國立中興大學法律系法學士;國立台灣海洋大學海洋法律研究所法學碩士、法學博士,國會研究室：02-2358-6118,教師律師臺北市議員立法委員電視、電台節目主持人國際獅子會300A2區總監(2005-2006),國會研究室：02-2358-6120,國會研究室：10051臺北市中正區濟南路1段3-1號2106室,http://www.ly.gov.tw/upload/01_introduce/0103_leg/LGpicture/90046.jpg,否,,,
09,徐榛蔚,Hsu  Chen Wei,女,中國國民黨,中國國民黨,全國不分區,第9屆第1會期：內政委員會;第9屆第2會期：內政委員會,2016/02/01,中國文化大學,國會研究室：02-2358-6299;花蓮服務處：03-853-2215,2016朱立倫總統選舉花蓮競選總部主委2008及2012馬英九總統選舉後援會婦女幹部領袖救國團花蓮團委會主委花蓮縣巡守大隊長及國際崇她社長,國會研究室：02-2358-6300;花蓮服務處：03-853-1365,國會研究室：10051臺北市中正區青島東路10號3505室;花蓮服務處：花蓮縣吉安鄉中山路三段121號,http://www.ly.gov.tw/upload/01_introduce/0103_leg/LGpicture/90047.jpg,否,,,
09,莊瑞雄,Chuang  Jui Hsiung,男,民主進步黨,民主進步黨,屏東縣第3選舉區,第9屆第1會期：經費稽核委員會;第9屆第1會期：內政委員會;第9屆第2會期：經費稽核委員會;第9屆第2會期：內政委員會,2016/02/01,國立臺灣大學農業經濟學系碩士 ;國立臺北大學企業管理學系碩士 ;國立臺灣大學法律學系學士,國會研究室：02-2358-6368;東港服務處：08-833-7893;恆春服務處：08-888-3893;琉球服務處：08-861-2347,第8屆立法委員公民監督國會聯盟評鑑最優秀立法委員律師民進黨發言人民進黨中央執行委員第13、14屆民進黨臺北市黨部主委第10、11屆臺北市議員全民監督黨產聯盟執行長中選會巡迴監察員綠色和平電台主持人台灣國家山岳協會理事長,國會研究室：02-2358-6369;東港服務處：08-833-9316;恆春服務處：08-889-9316,國會研究室：10051臺北市中正區濟南路1段3-1號0702室;東港服務處：928屏東縣東港鎮光復路一段379號;恆春服務處：946屏東縣恆春鎮北門路9號;琉球服務處：929屏東縣琉球鄉中正路331號,http://www.ly.gov.tw/upload/01_introduce/0103_leg/LGpicture/90055.jpg,否,,,
09,陳其邁,Chen  Chi Mai,男,民主進步黨,民主進步黨,全國不分區,第9屆第1會期：紀律委員會;第9屆第1會期：內政委員會;第9屆第2會期：紀律委員會;第9屆第2會期：內政委員會,2016/02/01,高雄中學畢業;中山醫學院醫學系畢業;國立臺灣大學公共衛生研究所預防醫學碩士;醫師檢覈考試及格;醫師高等考試及格,國會研究室：02-2358-8566;高雄服務處：07-382-5189,1989長庚醫院醫師1995立法委員(第3、4、5、8屆)2004擔任行政院政務委員2005代理高雄市市長2006英國倫敦政經學院任訪問學者2007總統府副秘書長2008民進黨副秘書長2011民進黨政策委員會執行長,國會研究室：02-2358-8570;高雄服務處：07-382-5177,國會研究室：10051臺北市中正區濟南路1段3-1號1105室;高雄服務處：高雄市三民區九如一路395號,http://www.ly.gov.tw/upload/01_introduce/0103_leg/LGpicture/90059.jpg,否,,,
09,陳宜民,Chen  Yi Ming,男,中國國民黨,中國國民黨,全國不分區,第9屆第1會期：經費稽核委員會;第9屆第1會期：社會福利及衛生環境委員會;第9屆第2會期：經費稽核委員會;第9屆第2會期：社會福利及衛生環境委員會,2016/02/01,國立陽明大學醫學士(第一屆);陽明大學微生物暨免疫學研究所第一屆碩士;美國哈佛大學公共衛生學院科學博士;美國國家衛生院癌症醫學中心分子腫瘤實險室博士後研究員;美國國家衛生院癌症醫學中心HIV抗藥研究計畫訪問科學家,國會研究室：02-2358-6246;高雄服務處：07-740-8970,高雄醫學大學學術副校長、傳染病與癌症研究中心主任、醫學研究所特聘教授國立中山大學生物醫學研究所合聘教授國立高雄應用科技大學合聘教授國立陽明大學兼任教授臺北醫學大學兼任教授「衛生福利部愛滋病防治及感染者權益保障會」政策工作小組召集人法務部毒品審議委員會委員社團法人國家生技醫療產業策進會副執行長臺灣預防醫學會常務監事臺灣減害協會監事考選部高普考生物醫學類典試委員兼召集人國立陽明大學公衛所所長國立陽明大學國際長國立陽明大學研發長臺灣預防醫學學會理事長臺灣減害協會創會會長希望工作坊創辦人臺灣愛滋燭光紀念活動發起人臺灣關愛之家協會理事臺灣愛滋紀念被單國際展策展人消基會衛生保健組召集人微生物學會理事教育部醫學教育委員會醫事教育小組召集人教育部醫學教育委員會公共衛生小組召集人考試院醫師國家考試微生物學門召集人臺北市政府顧問,國會研究室：02-2358-6380;高雄服務處：07-740-8670,國會研究室：10051臺北市中正區青島東路1號3306室;高雄服務處：83064高雄市鳳山區曹公路21號,http://www.ly.gov.tw/upload/01_introduce/0103_leg/LGpicture/90060.jpg,否,,,
09,陳怡潔,Chen  Yi Chieh,女,親民黨,親民黨,全國不分區,第9屆第1會期：內政委員會;第9屆第1會期：程序委員會;第9屆第2會期：內政委員會;第9屆第2會期：程序委員會,2016/02/01,銘傳大學管理學院研究所博士,國會研究室：02-2358-6798,第8屆親民黨全國不分區立法委員臺北市政府青年事務委員會副主任委員銘傳大學管理學院助理教授德明財經科技大學助理教授康寧護專企管科講師財團法人臺北市陳安文教基金會執行長,國會研究室：02-2358-6800,國會研究室：10051臺北市中正區濟南路1段3-1號0507室,http://www.ly.gov.tw/upload/01_introduce/0103_leg/LGpicture/90061.jpg,否,,,
09,陳明文,Chen  Ming Wen,男,民主進步黨,民主進步黨,嘉義縣第2選舉區,第9屆第1會期：經濟委員會;第9屆第2會期：經濟委員會,2016/02/01,私立東海大學哲學系畢業,國會研究室：02-2358-8101;嘉義服務處：05-225-5589;民雄服務處：05-226-0502,嘉義縣議會第9屆議員、第10屆議長臺灣省議會第8、9、10屆議員第4屆立法委員嘉義縣第14、15屆縣長第7、8屆立法委員,國會研究室：02-2358-8105;嘉義服務處：05-225-1641;民雄服務處：05-226-4711,國會研究室：10051臺北市中正區青島東路1號3101室;嘉義服務處：600嘉義市民族路909號;民雄服務處：嘉義縣民雄鄉東榮村文化路24-1號,http://www.ly.gov.tw/upload/01_introduce/0103_leg/LGpicture/90062.jpg,否,,,
09,陳亭妃,Chen  Ting Fei,女,民主進步黨,民主進步黨,臺南市第3選舉區,第9屆第1會期：外交及國防委員會;第9屆第2會期：外交及國防委員會,2016/02/01,長榮大學經營管理學研究所碩士;文化大學;家齊女中;中山國中;協進國小,國會研究室：02-2358-6761;北區服務處：06-280-3906;安南區服務處：06-256-8012,第7、8屆立法委員立法院民進黨團書記長、副書記長、副幹事長立法院國防外交委員會召委立法院教育文化委員會召委民進黨中常委民進黨中執委民進黨2014市長議員選舉對策委員會委員臺南市議員,國會研究室：02-2358-6755;北區服務處：06-358-6489;安南區服務處：06-256-0701,國會研究室：10051臺北市中正區濟南路1段3-1號1101室;北區服務處：704臺南市北區海安路三段963號;安南區服務處：709臺南市安南區安中路二段8號,http://www.ly.gov.tw/upload/01_introduce/0103_leg/LGpicture/90063.jpg,否,,,
09,陳素月,Chen  Su Yueh,女,民主進步黨,民主進步黨,彰化縣第4選舉區,第9屆第1會期：交通委員會;第9屆第2會期：交通委員會,2016/02/01,文化大學史學研究所碩士;文化大學史學系;台中女中;南投縣名間國中、僑興國小,國會研究室：02-2358-6691;員林服務處：04-832-8552;社頭服務處：04-872-5011,第8屆立法委員第16、17屆彰化縣議員國立空中大學講師財團法人拓展文教基金會執行長立法委員魏明谷國會助理大葉大學兼任講師民主進步黨第10~16屆全國黨員代表彰化縣南投同鄉會總幹事員林百果山獅子會第21屆會長,國會研究室：02-2358-6695;員林服務處：04-835-3414;社頭服務處：04-872-0411,國會研究室：10051臺北市中正區濟南路1段3-1號2109室;員林服務處：彰化縣員林鎮惠來里惠明街219號;社頭服務處：彰化縣社頭鄉員集路二段247巷18號,http://www.ly.gov.tw/upload/01_introduce/0103_leg/LGpicture/90064.jpg,否,,,
09,陳曼麗,Chen  Man Li,女,民主進步黨,民主進步黨,全國不分區,第9屆第1會期：程序委員會;第9屆第1會期：社會福利及衛生環境委員會;第9屆第2會期：程序委員會;第9屆第2會期：社會福利及衛生環境委員會,2016/02/01,美國聖地牙哥國家大學公共行政管理碩士,國會研究室：02-2358-6391,主婦聯盟環境保護基金會董事長台灣婦女團體全國聯合會理事長行政院國家永續發展委員會委員法律扶助基金會董事,國會研究室：02-2358-6330,國會研究室：10051臺北市中正區濟南路1段3-1號0606室,http://www.ly.gov.tw/upload/01_introduce/0103_leg/LGpicture/90065.jpg,否,,,
09,陳雪生,Chen  Hsueh Sheng,男,中國國民黨,中國國民黨,連江縣選舉區,第9屆第1會期：交通委員會;第9屆第1會期：紀律委員會;第9屆第2會期：交通委員會;第9屆第2會期：紀律委員會,2016/02/01,省立豐原商職畢業,國會研究室：02-2358-6631;南竿服務處：0836-25016,第3屆國大代表第3、4屆連江縣縣長雪源文教基金會董事長馬祖馬尾經貿交流協會理事長國立馬祖高中校友會理事長 連江縣體育會理事長第8屆連江縣立法委員,國會研究室：02-2358-6635;南竿服務處：0836-25018,國會研究室：10051臺北市中正區濟南路1段3-1號2107室;南竿服務處：209連江縣南竿鄉介壽村237號,http://www.ly.gov.tw/upload/01_introduce/0103_leg/LGpicture/90066.jpg,否,,,
09,陳超明,Chen  Chao Ming,男,中國國民黨,中國國民黨,苗栗縣第1選舉區,第9屆第1會期：內政委員會;第9屆第2會期：內政委員會,2016/02/01,新竹縣竹東高中 ;國立政治大學公共行政學系,國會研究室：02-2358-6611;竹南服務處：037-468-448,苗栗縣第12、13屆縣議員 第10屆省議員 第4、8屆立法委員 總統府顧問 行政院顧問,國會研究室：02-2358-6615;竹南服務處：037-478-508,國會研究室：10051臺北市中正區濟南路1段3-1號1003室;竹南服務處：350苗栗縣竹南鎮環市路二段139號,http://www.ly.gov.tw/upload/01_introduce/0103_leg/LGpicture/90067.jpg,否,,,
09,陳歐珀,Chen  Ou Po,男,民主進步黨,民主進步黨,宜蘭縣選舉區,第9屆第1會期：交通委員會;第9屆第2會期：交通委員會,2016/02/01,國立中興大學森林研究所碩士;國立中興大學森林所學士;省立宜蘭高級中學,國會研究室：02-2358-6220;宜蘭服務處：03-936-6299;羅東服務處：03-957-2099;03-957-2788,第8屆立法委員國立臺灣大學環工所博士生宜蘭縣政府機要秘書勞委會羅東、新店就業服務站站長國民大會代表民進黨宜蘭縣黨部主任委員臺灣省第10屆臺灣省議會議員三星鄉代理鄉長（創辦蔥蒜節）國立宜蘭大學兼任講師林業科高考及格,國會研究室：02-2358-6170;宜蘭服務處：03-936-6189,國會研究室：10051臺北市中正區濟南路1段3-1號0408室;宜蘭服務處：宜蘭市民族路593號;羅東服務處：羅東鎮興東南路152號,http://www.ly.gov.tw/upload/01_introduce/0103_leg/LGpicture/90068.jpg,否,,,
09,陳瑩,Chen  Ying,女,民主進步黨,民主進步黨,平地原住民,第9屆第1會期：社會福利及衛生環境委員會;第9屆第2會期：社會福利及衛生環境委員會,2016/02/01,美國伊利諾大學香檳校園音樂系博士班畢業;美國伊利諾大學香檳校園音樂系碩士班畢業;美國舊金山音樂學院學士畢業;美國夏威夷楊百翰大學學士肄業;高雄文藻外大學畢業,國會研究室：02-2358-8276;臺東服務處：089-360-612;桃園服務處：03-380-5541,第6屆平地原住民立法委員第7屆不分區立法委員第7屆第4會期社會福利及衛生福利環境委員會召集委員第7屆第6會期外交國防委員會召委立法院民主進步黨團團書記長民主進步黨中央常務委員美國伊俐諾大學香檳校園教學助理,國會研究室：02-2358-8280;臺東服務處：089--360-181;桃園服務處：03-380-141,國會研究室：10051臺北市中正區青島東路1號3403室;臺東服務處：臺東縣臺東市傳廣路263號;桃園服務處：桃園市大溪區介壽路756號,http://www.ly.gov.tw/upload/01_introduce/0103_leg/LGpicture/90069.jpg,否,,,
09,陳學聖,Chen Shei Saint,男,中國國民黨,中國國民黨,桃園市第3選舉區,第9屆第1會期：紀律委員會;第9屆第1會期：教育及文化委員會;第9屆第2會期：紀律委員會;第9屆第2會期：教育及文化委員會,2016/02/01,建國中學;國立臺灣大學政治學系學士;淡江大學中國大陸研究所碩士,國會研究室：02-2358-6699;中壢服務處：03-491-5550,第4、5、8屆立法委員桃園縣政府文化局局長中國國民黨桃園縣、市黨部主委亞洲電台資深主持人中華民國保護動物協會理事長中華民國腦性麻痺協會理事長中國時報撰述委員,國會研究室：02-2358-6700;中壢服務處：03-491-8270,國會研究室：10051臺北市中正區濟南路1段3-1號0908室;中壢服務處：桃園縣中壢市中央西路二段281號4樓,http://www.ly.gov.tw/upload/01_introduce/0103_leg/LGpicture/90070.jpg,否,,,
09,陳賴素美,Chen Lai  Su Mei,女,民主進步黨,民主進步黨,桃園市第2選舉區,第9屆第1會期：財政委員會;第9屆第2會期：財政委員會,2016/02/01,萬能科技大學學士畢業;國立新竹高商,國會研究室：02-2358-6136;楊梅區服務處：03-482-1333;觀音區服務處：03-473-2535,中央大學EMBA企管碩士班國家地政士特考及格桃園市議會第1屆市議員民主進步黨桃園市黨部主任委員桃園縣議會第16、17屆議員桃園市陳姓宗親會副會長桃園市賴姓宗親會副會長楊光國中小家長會長桃園市楊梅慢速壘球協會理事長,國會研究室：02-2358-6140;楊梅區服務處：03-482-2266;觀音區服務處：03-473-7855,國會研究室：10051臺北市中正區濟南路1段3-1號0601室;楊梅區服務處：326桃園市楊梅區梅獅路二段65號;觀音區服務處：328桃園市觀音區中正路156號,http://www.ly.gov.tw/upload/01_introduce/0103_leg/LGpicture/90071.jpg,否,,,
09,馬文君,Ma  Wen Chun,女,中國國民黨,中國國民黨,南投縣第1選舉區,第9屆第1會期：外交及國防委員會;第9屆第2會期：外交及國防委員會,2016/02/01,逢甲大學經營管理碩士 ;嘉南藥專(嘉南藥理科技大學)藥理科畢業 ;大成國中;育英國小,國會研究室：02-2358-6816;埔里服務處：049-242-3248;草屯服務處：049-235-5807;049-235-5023,第7、8屆立法委員立法院外交及國防委員會召集委員南投縣婦工會總會長南投縣民防總隊義警大隊大隊長第14、15屆埔里鎮長南投縣第13屆縣議員弘道老人福利基金會助老委員南投縣家扶中心委員,國會研究室：02-2358-6820;埔里服務處：049-290-1626,國會研究室：10051臺北市中正區青島東路1號3113室;埔里服務處：南投縣埔里鎮西寧路36號;草屯服務處：南投縣草屯鎮新生路209號,http://www.ly.gov.tw/upload/01_introduce/0103_leg/LGpicture/90048.jpg,否,,,
09,高志鵬,Gao  Jyh Peng,男,民主進步黨,民主進步黨,新北市第3選舉區,第9屆第1會期：經濟委員會;第9屆第2會期：經濟委員會,2016/02/01,建國中學;輔仁大學法律系財經法律組;臺灣大學EMBA,國會研究室：02-2358-6241;三重服務處：02-8988-1368,台灣啤酒籃球隊總領隊名陽法律事務所執業律師民進黨臺北市黨部主任委員民進黨中央執行委員、中央常務委員民進黨中央評議委員會主任委員第5、6、7、8屆立法委員台韓國會議員聯誼會會長立法院民進黨團書記長立法院民進黨團幹事長2014年通過ISO9001國際品質認證,國會研究室：02-2358-6245;三重服務處：02-8988-3076,國會研究室：10051臺北市中正區濟南路1段3-1號0503室;三重服務處：新北市三重區忠孝路一段153號,http://www.ly.gov.tw/upload/01_introduce/0103_leg/LGpicture/90049.jpg,否,,,
09,高金素梅,Kao Chin  Su Mei,女,無黨團結聯盟,親民黨,山地原住民,第9屆第1會期：經費稽核委員會;第9屆第1會期：教育及文化委員會;第9屆第2會期：經費稽核委員會;第9屆第2會期：教育及文化委員會,2016/02/01,青年高中畢業;中央民族大學-民族學,國會研究室：02-2358-6051;南區服務處：08-7993-793,財團法人肝炎防治基金會終身義工台灣原住民親善大使消防大使臺灣原住民防災救難協會榮譽顧問第5、6、7、8屆立法委員,國會研究室：02-2358-6055;南區服務處：08-7995-963,國會研究室：10051臺北市中正區青島東路10號3507室;南區服務處：903屏東縣瑪家鄉北葉村9鄰風景1-3號2樓,http://www.ly.gov.tw/upload/01_introduce/0103_leg/LGpicture/90050.jpg,否,,,
09,高潞．以用．巴魕剌Kawlo．Iyun．Pacidal,Kawlo．Iyun．Pacidal,女,時代力量,時代力量,全國不分區,第9屆第1會期：經費稽核委員會;第9屆第1會期：教育及文化委員會;第9屆第2會期：經費稽核委員會;第9屆第2會期：教育及文化委員會,2016/02/01,臺北商專國貿科;世新大學新聞系,國會研究室：02-2358-8551,世新大學法研所碩士班 國立台北教育大學文教法研所碩士班 小米穗原住民族文化基金會董事暨執行長 台灣原住民族政策協會理事,國會研究室：02-2358-8555,國會研究室：10051臺北市中正區濟南路1段3-1號1008室,http://www.ly.gov.tw/upload/01_introduce/0103_leg/LGpicture/90051.jpg,否,,,
09,張宏陸,Chang  Hung Lu,男,民主進步黨,民主進步黨,新北市第6選舉區,第9屆第1會期：司法及法制委員會;第9屆第2會期：司法及法制委員會,2016/02/01,東吳大學政治系學士;國立臺北教育大學教育碩士,國會研究室：02-2358-8066;板橋中山路服務處：02-8951-7018;板橋文化路服務處：02-2250-7018,文化大學美國研究所新北市議員臺北縣民政局長板橋市代理市長臺北縣長室秘書行政院秘書行政院反恐辦公室副主任蘇貞昌立委團隊助理民進黨臺北縣黨部執行長,國會研究室：02-2358-8070;板橋中山路服務處：02-8951-7028;板橋文化路服務處：02-2250-7028,國會研究室：10051臺北市中正區青島東路1號3305室;板橋中山路服務處：新北市板橋區中山路一段293-1號B1;板橋文化路服務處：新北市板橋區文化路二段124巷6號,http://www.ly.gov.tw/upload/01_introduce/0103_leg/LGpicture/90052.jpg,否,,,
09,張廖萬堅,Chang Liao  Wan Chien,男,民主進步黨,民主進步黨,臺中市第4選舉區,第9屆第1會期：教育及文化委員會;第9屆第2會期：教育及文化委員會,2016/02/01,東海大學EMBA高階管理學院碩士;東吳大學政治學研究所碩士班;輔仁大學大眾傳播系;國立台中一中;,國會研究室：02-2358-8282;台中服務處：04-2708-8883,民進黨中央黨部執行委員大臺中直轄市第1、2屆市議員第14、15、16屆臺中市議員民進黨臺中市黨部第11屆主任委員臺中市棒球委員會主任委員中華民國棒球協會理事,國會研究室：02-2358-8285;台中服務處：04-2708-9803,國會研究室：10051臺北市中正區青島東路1號3402室;台中服務處：台中市西屯區至善路52號,http://www.ly.gov.tw/upload/01_introduce/0103_leg/LGpicture/90053.jpg,否,,,
09,張麗善,Chang  Li Shan,女,中國國民黨,中國國民黨,全國不分區,第9屆第1會期：經濟委員會;第9屆第2會期：經濟委員會,2016/02/01,雲林縣馬光國小;雲林縣土庫國中;臺中曉明女中;國立虎尾科技大學工業管理系;國立臺灣師範大學運動休閒管理研究所,國會研究室：02-2358-6970;青埔服務處：05-632-0629,行政院雲嘉南區聯合服務中心執行長雲林縣救國團主任委員雲林縣青埔教育基金會董事長中華民國第6屆立法委員雲林縣日頭花姐妹協會理事長,國會研究室：02-2358-6974;青埔服務處：05-633-3318,國會研究室：10051臺北市中正區濟南路1段3-1號2103室,http://www.ly.gov.tw/upload/01_introduce/0103_leg/LGpicture/90054.jpg,否,,,
09,許淑華,Hsu  Shu Hua,女,中國國民黨,中國國民黨,南投縣第2選舉區,第9屆第1會期：司法及法制委員會;第9屆第2會期：司法及法制委員會,2016/02/01,逢甲大學經營管理碩士畢,國會研究室：02-2358-8356;南投服務處：049-2226-116,第8屆立法委員南投市第8、9屆市長南投縣第15屆議員中國國民黨18屆第3、4任及19屆第1、2、3、4任中常委南投縣商業總會第21屆理事長台灣省商業會94年十大傑出理事長95年全國社會優秀青年南投縣南開科技大學校友會理事長南投縣跆拳道主任委員,國會研究室：02-2358-8050;南投服務處：049-2226-117,國會研究室：10051臺北市中正區濟南路1段3-1號0206室;南投服務處：南投縣南投市玉井街51號,http://www.ly.gov.tw/upload/01_introduce/0103_leg/LGpicture/90056.jpg,否,,,
09,許智傑,Hsu  Chih Chieh,男,民主進步黨,民主進步黨,高雄市第8選舉區,第9屆第1會期：教育及文化委員會;第9屆第2會期：教育及文化委員會,2016/02/01,國立高雄師範大學科學教育研究所博士班;國立高雄師範大學教育碩士(1996);國立臺灣大學機械系學士(1988);高雄中學(1984);五甲國中(1981);五甲國小(1978),國會研究室：02-2358-8151;鳳山服務處：07-768-2666;07-768-1899,第8屆立法委員(2012-2016)高雄市鳳山區區長(2010-2011)高雄縣鳳山市市長(2006-2010)高雄縣議員(2002-2006)鳳山市市民代表(1998-2002),國會研究室：02-2358-6625;鳳山服務處：07-768-9900,國會研究室：10051臺北市中正區濟南路1段3-1號0703室;鳳山服務處：830高雄市鳳山區保泰路96號,http://www.ly.gov.tw/upload/01_introduce/0103_leg/LGpicture/90057.jpg,否,,,
09,許毓仁,Hsu  Yu Jen,男,中國國民黨,中國國民黨,全國不分區,第9屆第1會期：司法及法制委員會;第9屆第2會期：司法及法制委員會,2016/02/01,THNK 阿姆斯特丹創意領袖學院獎學金;國立政治大學英語系,國會研究室：02-2358-6161,Singularity University奇點大學高階經理人計劃獎學金行政院青年顧問團教育廣播電台諮詢委員教育部國教署諮詢委員英國創意城市顧問Charles L:andry諮詢委員PAN Asia Conference 2014 共同策展人經濟部技術處 DOIT 青年創意平台顧問TEDxTaipei共同創辦人、策展人TEDx 亞洲大使大哉問股份有限公司創意人,國會研究室：02-2358-6160,國會研究室：10051臺北市中正區濟南路1段3-1號0406室,http://www.ly.gov.tw/upload/01_introduce/0103_leg/LGpicture/90058.jpg,否,,,
09,曾銘宗,Tseng Ming chung,男,中國國民黨,中國國民黨,全國不分區,第9屆第1會期：程序委員會;第9屆第1會期：財政委員會;第9屆第2會期：程序委員會;第9屆第2會期：財政委員會,2016/02/01,臺北大學企業管理研究所博士,國會研究室：02-2358-8286,金融監督管理委員會主任委員財政部政務次長兼臺灣金控董事長財政部常務次長兼國安基金執行秘書行政院金融監督管理委員會檢查局局長合作金庫銀行總經理其他事項：一、金管會主委任內，政績卓著，榮獲總統府及行政院頒發「景星勳章」及「一等功績獎章」二、2014年獲頒「李國鼎管理獎章」,國會研究室：02-2358-8290,國會研究室：10051臺北市中正區青島東路1號3405室,http://www.ly.gov.tw/upload/01_introduce/0103_leg/LGpicture/90072.jpg,否,,,
09,葉宜津,Yeh  Yi Jin,女,民主進步黨,民主進步黨,臺南市第1選舉區,第9屆第1會期：交通委員會;第9屆第1會期：紀律委員會;第9屆第2會期：交通委員會;第9屆第2會期：紀律委員會,2016/02/01,美國Bridgeport大學音樂碩士,國會研究室：02-2358-6291;新營服務處：06-657-2808;成功服務處：06-221-6027,公民監督國會聯盟唯一評鑑滿分立委澄社評鑑連續多年獲得表現優秀立委商業周刊評鑑優秀立委2007年美國國務院「菁英計畫」訪問學人民進黨中央黨部婦女部主任民進黨立法院黨團總幹事、書記長現任立法委員臺灣省議員暨民進黨黨團總召奧地利維也納音樂學院,國會研究室：02-2358-6295;新營服務處：06-657-2818;成功服務處：06-221-9027,國會研究室：10051臺北市中正區濟南路1段3-1號0403室;新營服務處：臺南市新營區民生路130號;成功服務處：臺南市中西區成功路305號,http://www.ly.gov.tw/upload/01_introduce/0103_leg/LGpicture/90081.jpg,否,,,
09,費鴻泰,Fai  Hrong Tai,男,中國國民黨,中國國民黨,臺北市第7選舉區,第9屆第1會期：財政委員會;第9屆第2會期：財政委員會,2016/02/01,美國肯塔基大學統計學博士;美國北伊利諾大學統計學碩士;國立中興大學統計學學士;成功高中;大安國中;三興國小;信義國小,國會研究室：02-2358-6990;服務處：02-2729-1966,立法委員（94年迄今）國民黨中央常務委員立法院國民黨團書記長立法院財政委員會召集委員立法院程序委員會召集委員立法院經費稽核委員會委員臺北市議會副議長（87-91年）臺北市議會議員（83-93年）,國會研究室：02-2358-6994;服務處：02-2720-9492,國會研究室：10051臺北市中正區濟南路1段3-1號0502室;服務處：11050臺北市信義區莊敬路311號5樓,http://www.ly.gov.tw/upload/01_introduce/0103_leg/LGpicture/90073.jpg,否,,,
09,黃秀芳,Huang  Shiou Fang,女,民主進步黨,民主進步黨,彰化縣第2選舉區,第9屆第1會期：社會福利及衛生環境委員會;第9屆第2會期：社會福利及衛生環境委員會,2016/02/01,靜宜大學外文系畢業,國會研究室：02-2358-6256;彰化服務處：04-728-0980,彰化縣第16、17、18屆縣議員台灣關懷婦女協會理事長關懷文教基金會執行長立法委員周清玉國會辦公室主任,國會研究室：02-2358-6260;彰化服務處：04-728-1498,國會研究室：10051臺北市中正區濟南路1段3-1號0407室;彰化服務處：彰化縣彰化市中正路一段477號,http://www.ly.gov.tw/upload/01_introduce/0103_leg/LGpicture/90074.jpg,否,,,
09,黃昭順,Huang  Chao Shun,女,中國國民黨,中國國民黨,全國不分區,第9屆第1會期：紀律委員會;第9屆第1會期：內政委員會;第9屆第2會期：紀律委員會;第9屆第2會期：內政委員會,2016/02/01,國立中山大學高階經營碩士;高雄醫學大學藥學系;省立臺南女中,國會研究室：02-2358-6786;新庄服務處：07-341-3361,高雄市議會1~3屆市議員第2~8屆立法委員行政院婦女權益促進委員會委員婦女工作會主任,國會研究室：02-2358-6790;新庄服務處：07-341-2672,國會研究室：10051臺北市中正區濟南路1段3-1號1107室;新庄服務處：813高雄市左營區新庄仔路425號,http://www.ly.gov.tw/upload/01_introduce/0103_leg/LGpicture/90075.jpg,否,,,
09,黃偉哲,Huang  Wei Che,男,民主進步黨,民主進步黨,臺南市第2選舉區,第9屆第1會期：經費稽核委員會;第9屆第1會期：經濟委員會;第9屆第2會期：經費稽核委員會;第9屆第2會期：經濟委員會,2016/02/01,國立臺灣大學學士;美國耶魯大學碩士;美國哈佛大學碩士,國會研究室：02-2358-8311;佳里服務處：06-723-0100;麻豆服務處：06-571-7753;南科服務處：06-581-2798,立法院第6、7、8屆立法委員國民大會代表台南縣議員行政院顧問行政院農業委員會專門委員,國會研究室：02-2358-8315;佳里服務處：06-723-0023;麻豆服務處：06-571-0025;南科服務處：06-581-9168,國會研究室：10051臺北市中正區青島東路1號3303室;佳里服務處：臺南市佳里區進學路130號;麻豆服務處：臺南市麻豆區南勢里62-2號;南科服務處：臺南市善化區中山路564號,http://www.ly.gov.tw/upload/01_introduce/0103_leg/LGpicture/90076.jpg,否,,,
09,黃國昌,Huang  Kuo Chang,男,時代力量,時代力量,新北市第12選舉區,第9屆第1會期：財政委員會;第9屆第2會期：財政委員會,2016/02/01,臺灣大學法律系學士;美國康乃爾大學法學博士,國會研究室：02-2358-6916;汐止服務處：02-2643-1123,前中央研究院法律學研究所研究員臺灣大學、台北大學兼任副教授美國傅爾布萊特獎訪問學人執業律師、司法官特考及格澄社社長台灣法學會理事、秘書長,國會研究室：02-2358-6910;汐止服務處：02-2643-1266,國會研究室：10051臺北市中正區濟南路1段3-1號0905室;汐止服務處：221新北市汐止區大同路二段387號,http://www.ly.gov.tw/upload/01_introduce/0103_leg/LGpicture/90077.jpg,否,,,
09,黃國書,Huang  Kuo Shu,男,民主進步黨,民主進步黨,臺中市第6選舉區,第9屆第1會期：紀律委員會;第9屆第1會期：教育及文化委員會;第9屆第2會期：紀律委員會;第9屆第2會期：教育及文化委員會,2016/02/01,國立中興大學國際政治研究所碩士;國立臺北藝術大學;國立臺中一中,國會研究室：02-2358-6846;台中服務處：04-2376-8701,第8屆立法委員臺中市議員（連任五屆）民進黨第7屆中央評議委員臺中市醫師公會顧問臺中市棒球委員會副主委臺中市圍棋協會理事長臺中一中校友會監事臺中市書法協會理事臺中市西屯扶輪社社友,國會研究室：02-2358-6850;台中服務處：04-2376-8702,國會研究室：10051臺北市中正區濟南路1段3-1號0302室;台中服務處：403臺中市西區美村路一段632號B1,http://www.ly.gov.tw/upload/01_introduce/0103_leg/LGpicture/90078.jpg,否,,,
09,楊曜,Yang  Yao,男,民主進步黨,民主進步黨,澎湖縣選舉區,第9屆第1會期：社會福利及衛生環境委員會;第9屆第2會期：社會福利及衛生環境委員會,2016/02/01,東海大學法律系,國會研究室：02-2358-6736;澎湖服務處：06-921-8678,民進黨澎湖縣黨部主任委員澎湖縣議員立法委員,國會研究室：02-2358-6740;澎湖服務處：06-921-1317,國會研究室：10051臺北市中正區濟南路1段3-1號0205室;澎湖服務處：澎湖縣馬公市新店路473號,http://www.ly.gov.tw/upload/01_introduce/0103_leg/LGpicture/90079.jpg,否,,,
09,楊鎮浯,Yang  Cheng Wu,男,中國國民黨,中國國民黨,金門縣選舉區,第9屆第1會期：內政委員會;第9屆第2會期：內政委員會,2016/02/01,金門高中;文化大學經濟系;英國西敏大學企管碩士,國會研究室：02-2358-6099;金門服務處：082-375-230;臺南服務處：06-233-5927,金控公司襄理金門縣政府機要秘書金門縣政府交通旅遊局專員金門縣政府交通旅遊局局長金門縣政府觀光處處長中國國民黨大陸事務部副主任,國會研究室：02-2358-6100;金門服務處：082-375-155,國會研究室：10051臺北市中正區青島東路1號3103室;金門服務處：金門縣金城鎮民權路154號;臺南服務處：臺南市永康區復國一路500號,http://www.ly.gov.tw/upload/01_introduce/0103_leg/LGpicture/90080.jpg,否,,,
09,廖國棟Sufin．Siluko,Liao  Kuo Tung,男,中國國民黨,中國國民黨,平地原住民,第9屆第1會期：經濟委員會;第9屆第2會期：經濟委員會,2016/02/01,高雄醫學大學醫學系,國會研究室：02-2358-8176;台東服務處：089-228-798,第5、6、7、8屆立法委員第3屆國大代表台東基督教醫院主治醫師台東衛生局課長台東縣延平、海端、蘭嶼、長濱、成功等鄉鎮衛生所主任兼醫師中華兩岸少數民族知識經濟交流協會理事長立法院厚生會會長東甯診所院長中華海峽兩岸醫療暨健康產業發展協會理事長臺灣原住民企業人協會理事長立法院國民黨團書記長國民黨中常委,國會研究室：02-2358-8180;台東服務處：089-228-600,國會研究室：10051臺北市中正區濟南路1段3-1號0807室;台東服務處：臺東市四維路3段72號,http://www.ly.gov.tw/upload/01_introduce/0103_leg/LGpicture/90082.jpg,否,,,
09,管碧玲,Kuan  Bi Ling,女,民主進步黨,民主進步黨,高雄市第5選舉區,第9屆第1會期：經濟委員會;第9屆第2會期：經濟委員會,2016/02/01,臺灣大學政治學博士,國會研究室：02-2358-8146;三民服務處：07-313-7816;內惟服務處：07-533-0227,哈佛大學甘迺迪政府學院國家與國際安全高階行政專班結業國立台北大學公共行政暨政策學系副教授台灣教授協會秘書長高雄市新聞處處長、文化局局長第6、7、8屆立法委員立法院教育文化委員會、交通委員會召集委員立法院民進黨黨團幹事長民進黨中央黨部政策中心主任民進黨中央常務委員、中央執行委員,國會研究室：02-2358-8150;三民服務處：07-313-5797;內惟服務處：07-521-5237,國會研究室：10051臺北市中正區濟南路1段3-1號0901室;三民服務處：高雄市三民區博愛一路183號;內惟服務處：高雄市鼓山區九如四路1097號,http://www.ly.gov.tw/upload/01_introduce/0103_leg/LGpicture/90083.jpg,否,,,
09,蔡其昌,Tsai  Chi Chang,男,民主進步黨,民主進步黨,臺中市第1選舉區,第9屆第1會期：司法及法制委員會;第9屆第2會期：司法及法制委員會,2016/02/01,中興大學財金所EMBA碩士 ;東海大學歷史研究所碩士 ;東海大學歷史學系畢業 ;清水高中 ;沙鹿國中 ;清水國小,國會研究室：02-2358-6151;清水服務處：04-2623-8581;大甲服務處：04-2688-7555,中興大學財金所博士班 立法院民主進步黨團幹事長 第6屆、第8屆立法委員 民主進步黨中常委、發言人 臺中縣政府民政局長 臺中縣工業策進會總幹事 靜宜大學、聯合大學兼任講師 台中市壘球委員會主任委員,國會研究室：02-2358-6155;清水服務處：04-2623-8583;大甲服務處：04-2688-9123,國會研究室：10051臺北市中正區濟南路1段3-1號12樓;清水服務處：臺中市清水區中華路448號;大甲服務處：臺中市大甲區文武路274號,http://www.ly.gov.tw/upload/01_introduce/0103_leg/LGpicture/90089.jpg,否,,,
09,蔡易餘,Tsai  Yi Yu,男,民主進步黨,民主進步黨,嘉義縣第1選舉區,第9屆第1會期：司法及法制委員會;第9屆第2會期：司法及法制委員會,2016/02/01,嘉義市崇文國小;水上鄉忠和國中;嘉義高中;臺灣大學財經法律系,國會研究室：02-2358-6388;朴子服務處：05-370-8518;布袋服務處：05-347-6822,萬國法律事務所律師民主進步黨中央執行委員2014年張花冠縣長競選總幹事台灣陪審團協會理事凱達格蘭基金會理事小英教育基金會顧問民主進步黨嘉義縣黨部主委,國會研究室：02-2358-6385;朴子服務處：05-370-8519,國會研究室：10051臺北市中正區濟南路1段3-1號0705室;朴子服務處：嘉義縣朴子市安福里文明路1-11號;水上服務處：嘉義縣水上鄉水頭村中興路183號;布袋服務處：嘉義縣布袋鎮上海路331-1號,http://www.ly.gov.tw/upload/01_introduce/0103_leg/LGpicture/90090.jpg,否,,,
09,蔡培慧,Tsai  Pei Hui,女,民主進步黨,民主進步黨,全國不分區,第9屆第1會期：程序委員會;第9屆第1會期：經濟委員會;第9屆第2會期：程序委員會;第9屆第2會期：經濟委員會,2016/02/01,臺灣大學生物產業傳播暨發展學系博士,國會研究室：02-2358-6812,九二一震災基金會執行秘書台灣農村陣線發言人暨秘書長世新大學社會發展研究所副教授,國會研究室：02-2358-6525,國會研究室：10051臺北市中正區濟南路1段3-1號2111室,http://www.ly.gov.tw/upload/01_introduce/0103_leg/LGpicture/90091.jpg,否,,,
09,蔡適應,Tsai  Shih Ying,男,民主進步黨,民主進步黨,基隆市選舉區,第9屆第1會期：外交及國防委員會;第9屆第2會期：外交及國防委員會,2016/02/01,淡江大學國際事務與戰略研究所碩士;東海大學政治系學士,國會研究室：02-2358-6686;安樂服務處：02-2431-0070,基隆市第16、17、18屆市議員民進黨基隆市黨部主委臺北大學都市計劃研究所博士候選人比利時魯汶大學歐洲空間發展規劃（ESDP）訪問學人經國管理學院憲法學講師基隆柔術委員會主委、家扶中心助養人、社會公益團體幹部顧問陸軍指職軍官班第一期前基隆觀光協會理事長前王拓立委服務處副主任,國會研究室：02-2358-6690;安樂服務處：02-2431-0071,國會研究室：10051臺北市中正區濟南路1段3-1號0505室;安樂服務處：基隆市基金一路135巷21弄2-1號,http://www.ly.gov.tw/upload/01_introduce/0103_leg/LGpicture/90092.jpg,否,,,
09,蔣乃辛,Chiang  Nai Shin,男,中國國民黨,中國國民黨,臺北市第6選舉區,第9屆第1會期：教育及文化委員會;第9屆第2會期：教育及文化委員會,2016/02/01,大同大學事業經營研究所碩士畢業,國會研究室：02-2358-6901,第7、8屆立法委員臺北市第4、5、6、7、8、9、10屆議員臺北市家庭扶助中心扶幼委員會主任委員臺北市金華國中、小學家長會榮譽會長政治大學大同大學校友會理事,國會研究室：02-2358-6905,國會研究室：10051臺北市中正區濟南路1段3-1號2112室,http://www.ly.gov.tw/upload/01_introduce/0103_leg/LGpicture/90093.jpg,否,,,
09,蔣萬安,Chiang  Wan An,男,中國國民黨,中國國民黨,臺北市第3選舉區,第9屆第1會期：社會福利及衛生環境委員會;第9屆第2會期：社會福利及衛生環境委員會,2016/02/01,美國賓夕法尼亞大學法學院法律博士;國立政治大學法律系、外交系雙學士,國會研究室：02-2358-8268;中山服務處：02-2511-2711,萬澤外國法事務律師事務所主持律師美國WSGR律師事務所執業律師,國會研究室：02-2358-8270;中山服務處：02-2511-2719,國會研究室：10051臺北市中正區青島東路1號3206室;中山服務處：臺北市中山區新生北路二段127巷8號,http://www.ly.gov.tw/upload/01_introduce/0103_leg/LGpicture/90094.jpg,否,,,
09,趙天麟,Chao  Tien Lin,男,民主進步黨,民主進步黨,高雄市第7選舉區,第9屆第1會期：內政委員會;第9屆第2會期：內政委員會,2016/02/01,國立中山大學公共政策碩士,國會研究室：02-2358-6576;高雄服務處：07-333-6868,國立高雄應用科技大學機械與精密工程博士班（工管組）第8屆立法委員第6、7屆高雄市議員美國國務院IVLP訪問學人日本慶應大學訪問研究員民主進步黨中國事務部、文宣部、青年部主任陳菊競選總部總幹事及發言人世展望及家扶中心長期資助人高雄世新大學、真理大學校友會理事長前金長老教會執事,國會研究室：02-2358-6580;高雄服務處：07-333-6860,國會研究室：10051臺北市中正區濟南路1段3-1號1103室;高雄服務處：80251高雄市苓雅區民權一路53號,http://www.ly.gov.tw/upload/01_introduce/0103_leg/LGpicture/90084.jpg,否,,,
09,趙正宇,Chao  Cheng Yu,男,無黨籍,民主進步黨,桃園市第6選舉區,第9屆第1會期：交通委員會;第9屆第2會期：交通委員會,2016/02/01,銘傳大學公共事務學系研究所碩士,國會研究室：02-2358-6896;八德服務處：03-366-1613,桃園縣八德市公所秘書桃園縣八德市民代表桃園縣第15、16、17屆議員桃園市第1屆議員,國會研究室：02-2358-6900;八德服務處：03-361-7569,國會研究室：10051臺北市中正區濟南路1段3-1號1002室;八德服務處：334桃園市八德區永福西街38號,http://www.ly.gov.tw/upload/01_introduce/0103_leg/LGpicture/90085.jpg,否,,,
09,鄭天財Sra．Kacaw,Jeng  Tian Tsair,男,中國國民黨,中國國民黨,平地原住民,第9屆第1會期：經費稽核委員會;第9屆第1會期：交通委員會;第9屆第2會期：經費稽核委員會;第9屆第2會期：交通委員會,2016/02/01,國立臺灣大學法律系畢業,國會研究室：02-2358-6831;花蓮服務處：03-851-2306,第8屆立法委員省府法規會編審省原住民行政局副局長省原住民事務委員會副主任委員行政院原住民族委員會教文處處長、社福處處長、企劃處處長、副主任委員臺灣省政府副秘書長榮獲考試院頒發91年公務人員傑出貢獻獎,國會研究室：02-2358-6835;花蓮服務處：03-851-3306,國會研究室：10051臺北市中正區濟南路1段3-1號0307室;花蓮服務處：973花蓮縣吉安鄉南昌村南昌路90號,http://www.ly.gov.tw/upload/01_introduce/0103_leg/LGpicture/90095.jpg,否,,,
09,鄭運鵬,Cheng  Yun Peng,男,民主進步黨,民主進步黨,桃園市第1選舉區,第9屆第1會期：交通委員會;第9屆第2會期：交通委員會,2016/02/01,臺北市立福星國民小學;私立延平中學直升部;國立臺灣大學土木工程學系畢業,國會研究室：02-2358-6666;桃園區服務處：03-335-7255;蘆竹區服務處：03-323-1830;龜山服務處：03-350-9005,高雄市政府工務局機要秘書謝長廷高雄市長競選總部發言人兼政務部主任民主進步黨文宣部主任第6屆立法委員民主進步黨網路部主任民主進步黨組織部主任民主進步黨發言人,國會研究室：02-2358-6670;桃園區服務處：03-335-2611;蘆竹區服務處：03-323-2370;龜山服務處：03-350-9015,國會研究室：10051臺北市中正區濟南路1段3-1號0608室;桃園區服務處：桃園市桃園區自強路224號;蘆竹區服務處：桃園市蘆竹區南竹路四段37號;龜山服務處：桃園市龜山區萬壽路二段1050號,http://www.ly.gov.tw/upload/01_introduce/0103_leg/LGpicture/90096.jpg,否,,,
09,鄭麗君,Cheng  Li Chiun,女,民主進步黨,民主進步黨,全國不分區,,2016/02/01,台大哲學系學士;法國巴黎第十大學政治、經濟、社會哲學碩士,國會研究室：02-2358-8329,第8屆立法委員行政院青年輔導委員會主任委員青平台基金會董事長(兼執行長)財團法人台灣智庫執行長國藝基金會董事東吳大學政治系兼任講師,國會研究室：02-2358-8330,國會研究室：10051臺北市中正區青島東路1號3301室,http://www.ly.gov.tw/upload/01_introduce/0103_leg/LGpicture/90097.jpg,是,2016/05/20,依台立人字第1050003490號函自105年05月20日辭去立法委員職務。,
09,鄭寶清,Cheng Pao Ching,男,民主進步黨,民主進步黨,桃園市第4選舉區,第9屆第1會期：交通委員會;第9屆第2會期：交通委員會,2016/02/01,國立中央大學管理學博士;國立中興大學法學碩士;國立中興大學行政系學士,國會研究室：02-2358-6707;桃園服務處：03-333-2203,桃園航空城公司董事長台鹽董事長崇右技術學院副校長、教授立法院民主進步黨黨團總召第3、4屆立法委員第二屆國大代表民主進步黨中執委、中常委民進黨桃園縣黨部主委,國會研究室：02-2358-6710;桃園服務處：03-333-1823,國會研究室：10051臺北市中正區濟南路1段3-1號0707室;桃園服務處：桃園市桃園區三民路二段197號,http://www.ly.gov.tw/upload/01_introduce/0103_leg/LGpicture/90098.jpg,否,,,
09,劉世芳,Liu  Shyh Fang,女,民主進步黨,民主進步黨,高雄市第3選舉區,第9屆第1會期：紀律委員會;第9屆第1會期：外交及國防委員會;第9屆第2會期：紀律委員會;第9屆第2會期：外交及國防委員會,2016/02/01,美國奧克拉荷馬州州立大學環境工程碩士;淡江大學化學工程系學士,國會研究室：02-2358-6066;高雄服務處：07-588-7500,高雄市副市長2009高雄世運組委會常務董事國家安全會議副秘書長總統府副秘書長行政院秘書長立法院(第5屆)委員台中縣副縣長臺北市環保局長澎湖縣政府機要秘書,國會研究室：02-2358-6070;高雄服務處：07-588-5320,國會研究室：10051臺北市中正區濟南路1段3-1號0208室;高雄服務處：高雄市左營區站前北路12號,http://www.ly.gov.tw/upload/01_introduce/0103_leg/LGpicture/90086.jpg,否,,,
09,劉建國,Liu   Chien Kuo,男,民主進步黨,民主進步黨,雲林縣第2選舉區,第9屆第1會期：社會福利及衛生環境委員會;第9屆第2會期：社會福利及衛生環境委員會,2016/02/01,稻江科技暨管理學院老人福祉與社會工作學系,國會研究室：02-2358-8088;斗六服務處：05-534-2586;西螺服務處：05-587-3586,立法院第7、8屆立法委員立法院社會福利及衛生環境委員會召委立法院厚生會會長民進黨議會黨團召集人暨第15、16屆議員第6屆斗六市民代表雲林縣體育會副理事長雲林縣棒球委員會主委雲林縣社會關懷協會創會理事長,國會研究室：02-2358-8089;斗六服務處：05-532-2270,國會研究室：10051臺北市中正區濟南路1段3-1號0602室;斗六服務處：640雲林縣斗六市公明路3號;西螺服務處：640雲林縣西螺鎮建興路365號之1,http://www.ly.gov.tw/upload/01_introduce/0103_leg/LGpicture/90087.jpg,否,,,
09,劉櫂豪,Liu  Chao Hao,男,民主進步黨,民主進步黨,臺東縣選舉區,第9屆第1會期：交通委員會;第9屆第2會期：交通委員會,2016/02/01,臺東仁愛國小;臺東新生國中;臺東高中;國立政治大學法律學系,國會研究室：02-2358-6286;臺東服務處：089-310-979;東海岸服務處：089-853-221;東海岸(長濱)服務處： 089-831-188;南迴服務處：089-791-305;縱谷服務處：089-862-345,法官副縣長律師民進黨中央黨部組織推廣部主任立法委員,國會研究室：02-2358-6290;臺東服務處：089-310-879;東海岸服務處：089-853-185;東海岸(長濱)服務處：089-832-772;南迴服務處：089-791-305;縱谷服務處：089-863-525,國會研究室：10051臺北市中正區濟南路1段3-1號0303;臺東服務處：臺東市傳廣路18號;東海岸服務處：臺東縣成功鎮民生路39號;東海岸(長濱)服務處：臺東縣長濱鄉長濱村4鄰12-14號;南迴服務處：臺東縣大武鄉尚武村4鄰32號;縱谷服務處：臺東縣池上鄉新生路231號,http://www.ly.gov.tw/upload/01_introduce/0103_leg/LGpicture/90088.jpg,否,,,
09,盧秀燕,Lu  Shiow Yen,女,中國國民黨,中國國民黨,臺中市第5選舉區,第9屆第1會期：財政委員會;第9屆第1會期：紀律委員會;第9屆第1會期：經費稽核委員會;第9屆第2會期：紀律委員會;第9屆第2會期：經費稽核委員會;第9屆第2會期：財政委員會,2016/02/01,國立政治大學地政系學士;私立淡江大學國際事務與戰略研究所碩士,國會研究室：02-2358-8121;台中服務處：04-2319-9770,華梘記者華視中部採訪中心主任暨省政特派員79年電視金鐘獎最佳採訪獎得主第10屆臺灣省議員第4～9屆立法委員102年國家磐石關懷獎章得主,國會研究室：02-2358-8125;台中服務處：04-2319-9760,國會研究室：10051臺北市中正區青島東路1號3106室;台中服務處：臺中市北區博館路92號4樓,http://www.ly.gov.tw/upload/01_introduce/0103_leg/LGpicture/90099.jpg,否,,,
09,蕭美琴,Hsiao  Bi Khim,女,民主進步黨,民主進步黨,花蓮縣選舉區,第9屆第1會期：交通委員會;第9屆第2會期：交通委員會,2016/02/01,美國哥倫比亞大學政治學碩士,國會研究室：02-2358-6176;花蓮服務處：03-834-5353,第5、6、8屆立法委員民進黨國際事務部主任總統府顧問亞洲民主自由聯盟(CALD)秘書長行政院大陸委員會諮詢委員新境界文教基金會副執行長臺灣民主基金會董事國際自由政黨聯盟(LI)副主席海基會董事美琴之友會名譽理事長,國會研究室：02-2358-6180;花蓮服務處：03-832-5008,國會研究室：10051臺北市中正區濟南路1段3-1號0305室;花蓮服務處：花蓮縣花蓮市國聯一路171號,http://www.ly.gov.tw/upload/01_introduce/0103_leg/LGpicture/90100.jpg,否,,,
09,賴士葆,Lai   Shyh Bao,男,中國國民黨,中國國民黨,臺北市第8選舉區,第9屆第1會期：程序委員會;第9屆第1會期：財政委員會;第9屆第2會期：程序委員會;第9屆第2會期：財政委員會,2016/02/01,美國南加州大學工業與系統工程碩士、博士;國立政治大學企管所碩士;國立成功大學機械系學士,國會研究室：02-2358-8166;文山服務處：02-2935-5358,第3屆國民大會代表第4、6、7、8屆立法委員臺北市政府市政顧問團總召集人臺北市政府經濟發展委員會副總召集人、首席顧問臺北市政府花博顧問考試院典試委員國立政治大學企研所所長、教授,國會研究室：02-2358-8170;文山服務處：02-2930-0945,國會研究室：10051臺北市中正區青島東路1號3110室;文山服務處：臺北市文山區景興路254號,http://www.ly.gov.tw/upload/01_introduce/0103_leg/LGpicture/90101.jpg,否,,,
09,賴瑞隆,Lai  Jui Lung,男,民主進步黨,民主進步黨,高雄市第9選舉區,第9屆第1會期：內政委員會;第9屆第2會期：內政委員會,2016/02/01,臺灣大學國家發展研究所碩士,國會研究室：02-2358-6888;小港服務處：07-806-1685;前鎮服務處：07-751-0005,黃色小鴨策展人五月天代言推手2009年高雄世運會執行秘書高雄市政府海洋局局長高雄市政府新聞局局長高雄市政府觀光局主任秘書高雄市政府建設局專門委員行政院勞委會專員行政院新聞局簡任秘書十年立法院國會助理,國會研究室：02-2358-6280;小港服務處：07-806-0737;前鎮服務處：07-721-3391,國會研究室：10051臺北市中正區濟南路1段3-1號2108室;小港服務處：高雄市小港區宏平路339號;前鎮服務處：高雄市前鎮區永豐路246號,http://www.ly.gov.tw/upload/01_introduce/0103_leg/LGpicture/90102.jpg,否,,,
09,鍾孔炤,Chung  Kung Chao,男,民主進步黨,民主進步黨,全國不分區,第9屆第1會期：程序委員會;第9屆第1會期：社會福利及衛生環境委員會;第9屆第2會期：程序委員會;第9屆第2會期：社會福利及衛生環境委員會,2016/02/01,屏東縣內埔國民小學;屏東縣內埔國民中學;私立美和高級中學,國會研究室：02-2358-8106;苗栗服務處：037-260-318,台灣勞工陣線執委、理事高雄市產業總工會理事長全國產業總工會理事長高雄市政府客家事務委員會主委高雄市政府勞工局局長,國會研究室：02-2358-8110,國會研究室：10051臺北市中正區青島東路1號3301室;苗栗服務處：360苗栗縣苗栗市中正路159號,http://www.ly.gov.tw/upload/01_introduce/0103_leg/LGpicture/90103.jpg,否,,,
09,鍾佳濱,Chung  Chia Pin,男,民主進步黨,民主進步黨,屏東縣第2選舉區,第9屆第1會期：教育及文化委員會;第9屆第2會期：教育及文化委員會,2016/02/01,國立屏東科技大學研究所;國立臺灣大學歷史系;屏東高中;明正國中;仁愛國小,國會研究室：02-2358-6626;屏東服務處：08-733-6599,屏東縣副縣長第3屆國民大會代表行政院文化建設委員會參事紙風車劇團顧問萬年溪保育協會屏東縣台大校友會理事長廢除刑法100行動聯盟野百合世代學運領袖核四公投千里苦行執行秘書,國會研究室：02-2358-6630;屏東服務處：08-733-6988,國會研究室：10051臺北市中正區濟南路1段3-1號0401室;屏東服務處：90071屏東縣屏東市博愛路358號,http://www.ly.gov.tw/upload/01_introduce/0103_leg/LGpicture/90104.jpg,否,,,
09,簡東明Uliw．Qaljupayare,Chien  Tung Ming,男,中國國民黨,中國國民黨,山地原住民,第9屆第1會期：交通委員會;第9屆第2會期：交通委員會,2016/02/01,草埔國小畢業;枋寮初中畢業;省立屏東師專畢業,國會研究室：02-2358-6681;屏東服務處：08-732-2728,國小教師17年獅子鄉第11、12屆鄉長屏東縣第14、15、16屆縣議員第7、8屆立法委員現任台灣原住民拳擊協會理事長曾獲全國原住民首屆十大傑出青年曾獲全國特殊優良教師師鐸獎曾獲全國特優鄉長兩次中興大學行政研究所國立屏東師院肄業,國會研究室：02-2358-6685;屏東服務處：08-732-6442,國會研究室：10051臺北市中正區濟南路1段3-1號1005室;屏東服務處：90071屏東市廣東路1324號,http://www.ly.gov.tw/upload/01_introduce/0103_leg/LGpicture/90105.jpg,否,,,
09,顏寬恒,Yen  Kuan Heng,男,中國國民黨,中國國民黨,臺中市第2選舉區,第9屆第1會期：交通委員會;第9屆第2會期：交通委員會,2016/02/01,建國工專機械工程科;美國舊金山多明尼肯大學企管碩士;中華大學行政管理研究所碩士,國會研究室：02-2358-8006;沙鹿服務處：04-2632-6151;烏日服務處：04-2337-3351;霧峰服務處：04-2330-2559,臺中縣議會議長特別助理立法委員顏清標國會助理任務型國大代表大甲鎮瀾宮董事長顏清標特助鎮瀾兒童家園義工財團法人祥和文教基金會董事廣亮慈善會永久會員,國會研究室：02-2358-8010;沙鹿服務處：04-2632-6155;烏日服務處：04-2338-0155;霧峰服務處：04-2330-2551,國會研究室：10051臺北市中正區青島東路10號3501室;沙鹿服務處：臺中市沙鹿區埔子里正義路1號;烏日服務處：臺中市烏日區光日路48號;霧峰服務處：臺中市霧峰區樹仁路178號,http://www.ly.gov.tw/upload/01_introduce/0103_leg/LGpicture/90106.jpg,否,,,
09,羅明才,Lo  Ming Tsai,男,中國國民黨,中國國民黨,新北市第11選舉區,第9屆第1會期：財政委員會;第9屆第2會期：財政委員會,2016/02/01,美國華盛頓城市大學企業管理碩士;致理商專(現升格科技大學)企業管理系畢,國會研究室：02-2358-6776;新店服務處：02-2915-7788,國民大會主席團主席國民黨中央委員立法院財政委員會召集委員立法院經濟委員會召集委員立法院國民黨團副書記長臺北縣體育會理事長臺北縣彰化同鄉會理事長救國團新北市團委會指導委員,國會研究室：02-2358-6780;新店服務處：02-2911-1448,國會研究室：10051臺北市中正區濟南路1段3-1號1106室;新店服務處：新北市新店區中正路54巷8號1樓,http://www.ly.gov.tw/upload/01_introduce/0103_leg/LGpicture/90107.jpg,否,,,
09,羅致政,Lo  Chih Cheng,男,民主進步黨,民主進步黨,新北市第7選舉區,第9屆第1會期：外交及國防委員會;第9屆第2會期：外交及國防委員會,2016/02/01,美國加州大學洛杉磯分校(UCLA)政治學博士;國立政治大學外交學系學士,國會研究室：02-2358-6871;板橋服務處：02-2962-2366,新台灣國策智庫執行長蔡英文競選新北市長總部政策部主任兼發言人東吳大學政治學系主任外交部研究設計委員會主委民主進步黨新北市黨部主委國策研究院執行長民視「台灣看天下」節目主持人公共電視「全球現場」節目主持人台灣社秘書長,國會研究室：02-2358-6875;板橋服務處：02-2962-9390,國會研究室：10051臺北市中正區濟南路1段3-1號0506室;板橋服務處：220新北市板橋市民安街32號,http://www.ly.gov.tw/upload/01_introduce/0103_leg/LGpicture/90108.jpg,否,,,
09,蘇巧慧,Su  Chiao Hui,女,民主進步黨,民主進步黨,新北市第5選舉區,第9屆第1會期：教育及文化委員會;第9屆第2會期：教育及文化委員會,2016/02/01,美國賓州大學法律博士（SJD）候選人;美國賓州大學法律碩士(LLM);美國波士頓大學法律碩士(LLM);台大法律系司法組畢業;北一女中,國會研究室：02-2358-6191;樹林服務處：02-2684-2522;鶯歌服務處：02-2678-3368;新莊西盛服務處：02-2204-1638,超越基金會執行長2004年總統大選律師後援會總聯絡人、驗票律師團律師臺北縣偏鄉法律諮詢服務義務律師萬國法律事務所律師律師高考及格,國會研究室：02-2358-6195;樹林服務處：02-2684-2533;鶯歌服務處：02-2678-2268;新莊西盛服務處：02-2204-9636,國會研究室：10051臺北市中正區濟南路1段3-1號1007室;樹林服務處：238新北市樹林區大安路499號;鶯歌服務處：239新北市鶯歌區文化路175號;新莊西盛服務處：242新北市新莊區民安西路319號1樓,http://www.ly.gov.tw/upload/01_introduce/0103_leg/LGpicture/90109.jpg,否,,,
09,蘇治芬,Su  Chih Feng,女,民主進步黨,民主進步黨,雲林縣第1選舉區,第9屆第1會期：經濟委員會;第9屆第2會期：經濟委員會,2016/02/01,雲林縣北港鎮南陽國小;雲林縣北港鎮北港初中;臺北市立士林商業職業學校畢業,國會研究室：02-2358-6876;虎尾服務處：05-633-0021,國民大會代表(1996-2000)立法委員(2002-2005)雲林縣長(2005-2014)立法委員(2016-),國會研究室：02-2358-6880;虎尾服務處：05-632-5505,國會研究室：10051臺北市中正區濟南路1段3-1號0405室;虎尾服務處：632雲林縣虎尾鎮公安里水源路9巷11號,http://www.ly.gov.tw/upload/01_introduce/0103_leg/LGpicture/90110.jpg,否,,,
09,蘇嘉全,Su  Jia chyuan,男,民主進步黨,民主進步黨,全國不分區,第9屆第1會期：外交及國防委員會;第9屆第2會期：外交及國防委員會,2016/02/01,國立中山大學公共事務管理碩士;國立海洋大學食品科學系學士,院長辦公室：02-2358-6011,民主進步黨秘書長、中常委、選對會召集人農委會主委內政部長屏東縣長立法委員國大代表,院長辦公室：02-2395-5317,院長辦公室：10051臺北市中正區中山南路1號,http://www.ly.gov.tw/upload/01_introduce/0103_leg/LGpicture/90111.jpg,否,,,
09,蘇震清,Su  Chen Ching,男,民主進步黨,民主進步黨,屏東縣第1選舉區,第9屆第1會期：紀律委員會;第9屆第1會期：經濟委員會;第9屆第2會期：紀律委員會;第9屆第2會期：經濟委員會,2016/02/01,屏東科技大學農業企業管理碩士專班畢,國會研究室：02-2358-6636;屏東服務處：08-766-6636,民進黨第7屆全國黨代表民進黨第14屆中央執行委員蘇嘉全立委辦公室主任屏東縣中央獅子會理事屏東縣議員第15屆、16屆立法委員第7屆立法委員第8屆,國會研究室：02-2358-6640;屏東服務處：08-766-6262,國會研究室：10051臺北市中正區濟南路1段3-1號0708室;屏東服務處：屏東縣屏東市自由路586號,http://www.ly.gov.tw/upload/01_introduce/0103_leg/LGpicture/90112.jpg,否,,,
09,顧立雄,Koo  Li Hsiung,男,民主進步黨,民主進步黨,全國不分區,第9屆第1會期：司法及法制委員會;第9屆第1會期：程序委員會;第9屆第2會期：司法及法制委員會;第9屆第2會期：程序委員會,2016/02/01,國立臺灣大學法學士;美國紐約大學(NYU)法學碩士,國會研究室：02-2358-6866,萬國法律事務所資深合夥律師(1983年-2016年)臺北律師公會理事長(2003年-2005年)中華民國律師公會全國聯合會理事長(2008年-2009年)臺灣法學會理事長(2009年-2010年)民間司法改革基金會董事長(2010年)臺灣人權促進會會長(2013年),國會研究室：02-2358-6870,國會研究室：10051臺北市中正區青島東路1號3203室,http://www.ly.gov.tw/upload/01_introduce/0103_leg/LGpicture/90113.jpg,否,,,
