"name","amount","district"
"全國不分區","34","尤美女 王育敏 王金平 王榮璋 余宛如 吳玉琴 吳志揚 吳焜裕 李應元 李鴻鈞 谷辣斯．尤達卡Kolas．Yotaka 周春米 周陳秀霞 林靜儀 林麗蟬 柯志恩 段宜康 徐永明 徐國勇 徐榛蔚 陳其邁 陳宜民 陳怡潔 陳曼麗 高潞．以用．巴魕剌Kawlo．Iyun．Pacidal 張麗善 許毓仁 曾銘宗 黃昭順 蔡培慧 鄭麗君 鍾孔炤 蘇嘉全 顧立雄"
"新北市","12","吳琪銘 呂孫綾 林淑芬 羅明才 黃國昌 蘇巧慧 林德福 高志鵬 江永昌 吳秉叡 羅致政 張宏陸"
"高雄市","9","林岱樺 邱議瑩 趙天麟 賴瑞隆 邱志偉 劉世芳 管碧玲 許智傑 李昆澤"
"臺中市","8","黃國書 盧秀燕 張廖萬堅 洪慈庸 江啟臣 蔡其昌 顏寬恒 何欣純"
"臺北市","8","蔣萬安 費鴻泰 李彥秀 吳思瑤 姚文智 蔣乃辛 賴士葆 林昶佐"
"桃園市","6","趙正宇 陳賴素美 呂玉玲 鄭運鵬 陳學聖 鄭寶清"
"臺南市","5","黃偉哲 葉宜津 陳亭妃 王定宇 林俊憲"
"彰化縣","4","洪宗熠 陳素月 王惠美 黃秀芳"
"屏東縣","3","蘇震清 莊瑞雄 鍾佳濱"
"山地原住民","3","孔文吉 高金素梅 簡東明Uliw．Qaljupayare"
"平地原住民","3","陳瑩 廖國棟Sufin．Siluko 鄭天財Sra．Kacaw"
"三民區","2","管碧玲 李昆澤"
"三重區","2","高志鵬 林淑芬"
"中和區","2","江永昌 林德福"
"中壢區","2","陳學聖 趙正宇"
"中正區","2","林昶佐 賴士葆"
"前鎮區","2","賴瑞隆 趙天麟"
"南投縣","2","馬文君 許淑華"
"嘉義縣","2","陳明文 蔡易餘"
"士林區","2","吳思瑤 姚文智"
"大里區","2","何欣純 顏寬恒"
"新北市三重區","2","高志鵬 林淑芬"
"新北市中和區","2","江永昌 林德福"
"新北市新莊區","2","吳秉叡 蘇巧慧"
"新北市板橋區","2","羅致政 張宏陸"
"新莊區","2","吳秉叡 蘇巧慧"
"松山區","2","蔣萬安 費鴻泰"
"板橋區","2","羅致政 張宏陸"
"桃園區","2","鄭運鵬 鄭寶清"
"桃園市中壢區","2","陳學聖 趙正宇"
"桃園市桃園區","2","鄭運鵬 鄭寶清"
"臺中市大里區","2","何欣純 顏寬恒"
"臺北市中正區","2","林昶佐 賴士葆"
"臺北市士林區","2","吳思瑤 姚文智"
"臺北市松山區","2","蔣萬安 費鴻泰"
"苗栗縣","2","徐志榮 陳超明"
"雲林縣","2","劉建國 蘇治芬"
"高雄市三民區","2","管碧玲 李昆澤"
"高雄市前鎮區","2","賴瑞隆 趙天麟"
"七股區","1","黃偉哲"
"三元里","1","鄭運鵬"
"三地門鄉","1","蘇震清"
"三安里","1","高志鵬"
"三峽區","1","吳琪銘"
"三愛里","1","林昶佐"
"三民區力行里","1","管碧玲"
"三民區博愛里","1","管碧玲"
"三民區同德里","1","管碧玲"
"三民區安和里","1","管碧玲"
"三民區寶安里","1","李昆澤"
"三民區寶慶里","1","李昆澤"
"三民區德行里","1","管碧玲"
"三民區民享里","1","管碧玲"
"三民區立德里","1","管碧玲"
"三民區裕民里","1","管碧玲"
"三灣鄉","1","徐志榮"
"三玉里","1","吳思瑤"
"三義鄉","1","陳超明"
"三芝區","1","呂孫綾"
"三重區三民里","1","高志鵬"
"三重區中央里","1","高志鵬"
"三重區中山里","1","高志鵬"
"三重區中正里","1","高志鵬"
"三重區中興里","1","高志鵬"
"三重區五福里","1","林淑芬"
"三重區仁德里","1","高志鵬"
"三重區仁義里","1","高志鵬"
"三重區介壽里","1","高志鵬"
"三重區光明里","1","高志鵬"
"三重區光榮里","1","高志鵬"
"三重區光正里","1","高志鵬"
"三重區光華里","1","高志鵬"
"三重區博愛里","1","高志鵬"
"三重區同安里","1","高志鵬"
"三重區大安里","1","高志鵬"
"三重區大有里","1","高志鵬"
"三重區富貴里","1","林淑芬"
"三重區幸福里","1","高志鵬"
"三重區忠孝里","1","高志鵬"
"三重區慈祐里","1","林淑芬"
"三重區成功里","1","高志鵬"
"三重區承德里","1","高志鵬"
"三重區文化里","1","高志鵬"
"三重區正義里","1","高志鵬"
"三重區民生里","1","高志鵬"
"三重區永安里","1","高志鵬"
"三重區永福里","1","林淑芬"
"三重區永興里","1","高志鵬"
"三重區福安里","1","高志鵬"
"三重區福德里","1","高志鵬"
"三重區福星里","1","高志鵬"
"三重區立德里","1","高志鵬"
"三重區自強里","1","高志鵬"
"三重區萬壽里","1","高志鵬"
"三重區長安里","1","高志鵬"
"下營區","1","葉宜津"
"中全里","1","吳秉叡"
"中區","1","黃國書"
"中和區中原里","1","江永昌"
"中和區中山里","1","江永昌"
"中和區中正里","1","江永昌"
"中和區中興里","1","江永昌"
"中和區仁和里","1","江永昌"
"中和區力行里","1","江永昌"
"中和區國光里","1","江永昌"
"中和區安和里","1","林德福"
"中和區安平里","1","林德福"
"中和區復興里","1","江永昌"
"中和區德行里","1","江永昌"
"中和區忠孝里","1","江永昌"
"中和區明德里","1","江永昌"
"中和區民享里","1","江永昌"
"中和區民安里","1","江永昌"
"中和區民有里","1","江永昌"
"中和區民生里","1","江永昌"
"中和區自強里","1","江永昌"
"中和區興南里","1","江永昌"
"中埔鄉","1","陳明文"
"中埔里","1","鄭寶清"
"中堅里","1","趙正宇"
"中壢區三民里","1","陳學聖"
"中壢區中原里","1","陳學聖"
"中壢區中央里","1","陳學聖"
"中壢區中山里","1","趙正宇"
"中壢區中正里","1","趙正宇"
"中壢區中興里","1","陳學聖"
"中壢區五權里","1","陳學聖"
"中壢區五福里","1","陳學聖"
"中壢區仁和里","1","趙正宇"
"中壢區仁德里","1","趙正宇"
"中壢區仁愛里","1","趙正宇"
"中壢區仁義里","1","陳學聖"
"中壢區信義里","1","陳學聖"
"中壢區光明里","1","陳學聖"
"中壢區和平里","1","陳學聖"
"中壢區幸福里","1","陳學聖"
"中壢區復興里","1","陳學聖"
"中壢區忠孝里","1","陳學聖"
"中壢區忠義里","1","陳學聖"
"中壢區成功里","1","陳學聖"
"中壢區振興里","1","陳學聖"
"中壢區文化里","1","陳學聖"
"中壢區新興里","1","陳學聖"
"中壢區明德里","1","陳學聖"
"中壢區東興里","1","陳學聖"
"中壢區正義里","1","陳學聖"
"中壢區永福里","1","陳學聖"
"中壢區永興里","1","陳學聖"
"中壢區福德里","1","陳學聖"
"中壢區自信里","1","陳學聖"
"中壢區自強里","1","趙正宇"
"中壢區自立里","1","陳學聖"
"中壢區興仁里","1","趙正宇"
"中壢區興南里","1","陳學聖"
"中壢區莊敬里","1","陳學聖"
"中壢區金華里","1","陳學聖"
"中壢區龍安里","1","趙正宇"
"中壢區龍岡里","1","陳學聖"
"中壢區龍興里","1","陳學聖"
"中壢里","1","陳學聖"
"中安里","1","林德福"
"中宏里","1","吳秉叡"
"中寧里","1","鄭寶清"
"中寮鄉","1","馬文君"
"中山區","1","蔣萬安"
"中崙里","1","費鴻泰"
"中建里","1","陳學聖"
"中德里","1","鄭寶清"
"中成里","1","鄭寶清"
"中新里","1","何欣純"
"中榮里","1","陳學聖"
"中正區光復里","1","林昶佐"
"中正區南門里","1","林昶佐"
"中正區幸福里","1","林昶佐"
"中正區建國里","1","林昶佐"
"中正區東門里","1","林昶佐"
"中正區龍福里","1","林昶佐"
"中正區龍興里","1","林昶佐"
"中民里","1","高志鵬"
"中港里","1","吳秉叡"
"中美里","1","吳秉叡"
"中聖里","1","鄭寶清"
"中西區","1","陳亭妃"
"中誠里","1","吳秉叡"
"中路里","1","鄭寶清"
"中隆里","1","吳秉叡"
"丹鳳里","1","吳秉叡"
"九如鄉","1","蘇震清"
"九如里","1","羅致政"
"二崙鄉","1","劉建國"
"二林鎮","1","洪宗熠"
"二水鄉","1","陳素月"
"二重里","1","高志鵬"
"五常里","1","高志鵬"
"五股區","1","林淑芬"
"五華里","1","林淑芬"
"五谷里","1","高志鵬"
"五順里","1","高志鵬"
"仁勇里","1","姚文智"
"仁化里","1","何欣純"
"仁德區","1","王定宇"
"仁忠里","1","高志鵬"
"仁愛鄉","1","馬文君"
"仁武區","1","林岱樺"
"仁祥里","1","趙正宇"
"仁福里","1","陳學聖"
"仁美里","1","陳學聖"
"仁翠里","1","張宏陸"
"仁華里","1","林淑芬"
"伸港鄉","1","王惠美"
"佳冬鄉","1","莊瑞雄"
"佳和里","1","江永昌"
"佳里區","1","黃偉哲"
"來義鄉","1","莊瑞雄"
"信光里","1","鄭寶清"
"信和里","1","江永昌"
"信安里","1","高志鵬"
"信德里","1","賴瑞隆"
"信義區","1","費鴻泰"
"信義鄉","1","許淑華"
"健民里","1","何欣純"
"健行里","1","陳學聖"
"僑中里","1","羅致政"
"元長鄉","1","蘇治芬"
"光仁里","1","羅致政"
"光和里","1","蘇巧慧"
"光田里","1","高志鵬"
"光興里","1","鄭寶清"
"光輝里","1","高志鵬"
"光陽里","1","高志鵬"
"內南里","1","江永昌"
"內厝里","1","陳學聖"
"內埔鄉","1","蘇震清"
"內壢里","1","陳學聖"
"內定里","1","陳學聖"
"內新里","1","何欣純"
"內湖區","1","李彥秀"
"內門區","1","邱議瑩"
"全安里","1","吳秉叡"
"全泰里","1","吳秉叡"
"八德區","1","趙正宇"
"八德里","1","吳秉叡"
"八里區","1","呂孫綾"
"公舘里","1","張宏陸"
"公館鄉","1","徐志榮"
"公館里","1","姚文智"
"六合里","1","高志鵬"
"六甲區","1","葉宜津"
"六福里","1","高志鵬"
"六腳鄉","1","蔡易餘"
"六龜區","1","邱議瑩"
"冠穗里","1","江永昌"
"前港里","1","姚文智"
"前金區","1","趙天麟"
"前鎮區仁愛里","1","賴瑞隆"
"前鎮區信義里","1","賴瑞隆"
"前鎮區平等里","1","賴瑞隆"
"前鎮區忠孝里","1","賴瑞隆"
"前鎮區忠誠里","1","賴瑞隆"
"前鎮區振興里","1","賴瑞隆"
"前鎮區民權里","1","賴瑞隆"
"前鎮區興仁里","1","賴瑞隆"
"前鎮里","1","賴瑞隆"
"化成里","1","吳秉叡"
"北埔里","1","鄭寶清"
"北屯區","1","盧秀燕"
"北投區","1","吳思瑤"
"北斗鎮","1","洪宗熠"
"北港鎮","1","蘇治芬"
"北門區","1","葉宜津"
"北門里","1","鄭寶清"
"十全里","1","管碧玲"
"十美里","1","管碧玲"
"千北里","1","管碧玲"
"千歲里","1","管碧玲"
"千秋里","1","管碧玲"
"卓蘭鎮","1","徐志榮"
"南化區","1","黃偉哲"
"南埔里","1","鄭寶清"
"南屯區","1","張廖萬堅"
"南山里","1","江永昌"
"南州鄉","1","莊瑞雄"
"南庄鄉","1","徐志榮"
"南投市","1","許淑華"
"南投縣中寮鄉","1","馬文君"
"南投縣仁愛鄉","1","馬文君"
"南投縣信義鄉","1","許淑華"
"南投縣南投市","1","許淑華"
"南投縣名間鄉","1","許淑華"
"南投縣國姓鄉","1","馬文君"
"南投縣埔里鎮","1","馬文君"
"南投縣水里鄉","1","許淑華"
"南投縣竹山鎮","1","許淑華"
"南投縣第1選舉區","1","馬文君"
"南投縣第2選舉區","1","許淑華"
"南投縣草屯鎮","1","馬文君"
"南投縣集集鎮","1","許淑華"
"南投縣魚池鄉","1","馬文君"
"南投縣鹿谷鄉","1","許淑華"
"南港區","1","李彥秀"
"南港里","1","吳秉叡"
"南福里","1","林昶佐"
"南華里","1","鄭寶清"
"博惠里","1","管碧玲"
"厚德里","1","高志鵬"
"口湖鄉","1","蘇治芬"
"古坑鄉","1","劉建國"
"合鳳里","1","吳秉叡"
"吉仁里","1","費鴻泰"
"吉利里","1","高志鵬"
"吉祥里","1","費鴻泰"
"吉翠里","1","張宏陸"
"吉興里","1","江永昌"
"同慶里","1","高志鵬"
"名山里","1","姚文智"
"名間鄉","1","許淑華"
"后里區","1","洪慈庸"
"和平區","1","江啟臣"
"和美鎮","1","王惠美"
"和興里","1","江永昌"
"員富里","1","江永昌"
"員山里","1","江永昌"
"員林鎮","1","陳素月"
"善化區","1","黃偉哲"
"嘉慶里","1","江永昌"
"嘉新里","1","江永昌"
"嘉穗里","1","江永昌"
"嘉義市","1","李俊俋"
"嘉義市第1選舉區","1","李俊俋"
"嘉義縣中埔鄉","1","陳明文"
"嘉義縣六腳鄉","1","蔡易餘"
"嘉義縣大埔鄉","1","陳明文"
"嘉義縣大林鎮","1","陳明文"
"嘉義縣太保市","1","蔡易餘"
"嘉義縣布袋鎮","1","蔡易餘"
"嘉義縣新港鄉","1","陳明文"
"嘉義縣朴子市","1","蔡易餘"
"嘉義縣東石鄉","1","蔡易餘"
"嘉義縣梅山鄉","1","陳明文"
"嘉義縣民雄鄉","1","陳明文"
"嘉義縣水上鄉","1","蔡易餘"
"嘉義縣溪口鄉","1","陳明文"
"嘉義縣番路鄉","1","陳明文"
"嘉義縣竹崎鄉","1","陳明文"
"嘉義縣第1選舉區","1","蔡易餘"
"嘉義縣第2選舉區","1","陳明文"
"嘉義縣義竹鄉","1","蔡易餘"
"嘉義縣阿里山鄉","1","陳明文"
"嘉義縣鹿草鄉","1","蔡易餘"
"四湖鄉","1","蘇治芬"
"四維里","1","吳秉叡"
"國姓鄉","1","馬文君"
"國華里","1","江永昌"
"國隆里","1","高志鵬"
"土城區","1","吳琪銘"
"土庫鎮","1","蘇治芬"
"坪林區","1","羅明才"
"埔墘里","1","羅致政"
"埔心鄉","1","洪宗熠"
"埔里鎮","1","馬文君"
"埔鹽鄉","1","洪宗熠"
"埤墘里","1","張宏陸"
"埤頭鄉","1","洪宗熠"
"培德里","1","高志鵬"
"基隆市","1","蔡適應"
"基隆市第1選舉區","1","蔡適應"
"堂春里","1","羅致政"
"塗城里","1","何欣純"
"士林區平等里","1","姚文智"
"士林區後港里","1","姚文智"
"士林區德行里","1","吳思瑤"
"士林區忠誠里","1","吳思瑤"
"士林區承德里","1","姚文智"
"士林區東山里","1","姚文智"
"士林區永福里","1","姚文智"
"士林區福安里","1","姚文智"
"士林區福德里","1","姚文智"
"士林區福林里","1","姚文智"
"士林區陽明里","1","姚文智"
"壽南里","1","江永昌"
"壽德里","1","江永昌"
"夏田里","1","何欣純"
"外南里","1","江永昌"
"外埔區","1","蔡其昌"
"大元里","1","何欣純"
"大內區","1","黃偉哲"
"大同區","1","姚文智"
"大同里","1","高志鵬"
"大園區","1","陳賴素美"
"大園里","1","高志鵬"
"大城鄉","1","洪宗熠"
"大埔鄉","1","陳明文"
"大埤鄉","1","劉建國"
"大寮區","1","林岱樺"
"大德里","1","高志鵬"
"大明里","1","何欣純"
"大村鄉","1","陳素月"
"大林里","1","鄭寶清"
"大林鎮","1","陳明文"
"大樹區","1","邱議瑩"
"大湖鄉","1","徐志榮"
"大溪區","1","趙正宇"
"大甲區","1","蔡其昌"
"大社區","1","邱議瑩"
"大肚區","1","顏寬恒"
"大興里","1","鄭運鵬"
"大觀里","1","羅致政"
"大里區仁德里","1","何欣純"
"大里區國光里","1","何欣純"
"大里區東興里","1","何欣純"
"大里區立德里","1","何欣純"
"大里區西湖里","1","顏寬恒"
"大里里","1","何欣純"
"大雅區","1","洪慈庸"
"天和里","1","吳思瑤"
"天壽里","1","吳思瑤"
"天山里","1","吳思瑤"
"天母里","1","吳思瑤"
"天玉里","1","吳思瑤"
"天祿里","1","吳思瑤"
"天福里","1","吳思瑤"
"太保市","1","蔡易餘"
"太平區","1","何欣純"
"奕壽里","1","高志鵬"
"學甲區","1","葉宜津"
"安南區","1","陳亭妃"
"安吉里","1","李昆澤"
"安定區","1","黃偉哲"
"安宜里","1","管碧玲"
"安寧里","1","李昆澤"
"安平區","1","林俊憲"
"安康里","1","李昆澤"
"安慶里","1","高志鵬"
"安東里","1","管碧玲"
"安樂里","1","林德福"
"安泰里","1","管碧玲"
"安生里","1","管碧玲"
"安發里","1","李昆澤"
"安穗里","1","江永昌"
"安邦里","1","管碧玲"
"安順里","1","林德福"
"宏翠里","1","張宏陸"
"官田區","1","葉宜津"
"宜安里","1","林德福"
"宜蘭縣","1","陳歐珀"
"宜蘭縣第1選舉區","1","陳歐珀"
"富光里","1","姚文智"
"富國里","1","吳秉叡"
"富民里","1","吳秉叡"
"富水里","1","賴士葆"
"富泰里","1","蔣萬安"
"富洲里","1","姚文智"
"富福里","1","林淑芬"
"富華里","1","林淑芬"
"富錦里","1","蔣萬安"
"寶中里","1","李昆澤"
"寶國里","1","李昆澤"
"寶山里","1","鄭運鵬"
"寶德里","1","李昆澤"
"寶業里","1","李昆澤"
"寶民里","1","李昆澤"
"寶泰里","1","李昆澤"
"寶獅里","1","李昆澤"
"寶玉里","1","李昆澤"
"寶珠里","1","李昆澤"
"寶盛里","1","李昆澤"
"寶興里","1","李昆澤"
"寶華里","1","李昆澤"
"寶龍里","1","李昆澤"
"將軍區","1","葉宜津"
"小港區","1","賴瑞隆"
"尚德里","1","高志鵬"
"居仁里","1","羅致政"
"屏東市","1","鍾佳濱"
"屏東縣三地門鄉","1","蘇震清"
"屏東縣九如鄉","1","蘇震清"
"屏東縣佳冬鄉","1","莊瑞雄"
"屏東縣來義鄉","1","莊瑞雄"
"屏東縣內埔鄉","1","蘇震清"
"屏東縣南州鄉","1","莊瑞雄"
"屏東縣屏東市","1","鍾佳濱"
"屏東縣崁頂鄉","1","莊瑞雄"
"屏東縣恆春鎮","1","莊瑞雄"
"屏東縣新園鄉","1","莊瑞雄"
"屏東縣新埤鄉","1","莊瑞雄"
"屏東縣春日鄉","1","莊瑞雄"
"屏東縣東港鎮","1","莊瑞雄"
"屏東縣枋寮鄉","1","莊瑞雄"
"屏東縣枋山鄉","1","莊瑞雄"
"屏東縣林邊鄉","1","莊瑞雄"
"屏東縣泰武鄉","1","蘇震清"
"屏東縣滿州鄉","1","莊瑞雄"
"屏東縣潮州鎮","1","蘇震清"
"屏東縣牡丹鄉","1","莊瑞雄"
"屏東縣獅子鄉","1","莊瑞雄"
"屏東縣琉球鄉","1","莊瑞雄"
"屏東縣瑪家鄉","1","蘇震清"
"屏東縣竹田鄉","1","蘇震清"
"屏東縣第1選舉區","1","蘇震清"
"屏東縣第2選舉區","1","鍾佳濱"
"屏東縣第3選舉區","1","莊瑞雄"
"屏東縣萬丹鄉","1","鍾佳濱"
"屏東縣萬巒鄉","1","蘇震清"
"屏東縣車城鄉","1","莊瑞雄"
"屏東縣里港鄉","1","蘇震清"
"屏東縣長治鄉","1","蘇震清"
"屏東縣霧臺鄉","1","蘇震清"
"屏東縣高樹鄉","1","蘇震清"
"屏東縣鹽埔鄉","1","蘇震清"
"屏東縣麟洛鄉","1","鍾佳濱"
"山上區","1","黃偉哲"
"山東里","1","陳學聖"
"岡山區","1","邱志偉"
"岩山里","1","姚文智"
"崁頂鄉","1","莊瑞雄"
"崇南里","1","江永昌"
"崇德里","1","高志鵬"
"崑崙里","1","羅致政"
"崙背鄉","1","劉建國"
"嵐翠里","1","張宏陸"
"川東里","1","管碧玲"
"左營區","1","劉世芳"
"左鎮區","1","黃偉哲"
"布袋鎮","1","蔡易餘"
"平和里","1","高志鵬"
"平昌里","1","賴瑞隆"
"平河里","1","江永昌"
"平溪區","1","黃國昌"
"平鎮區","1","呂玉玲"
"幸市里","1","林昶佐"
"廈安里","1","林昶佐"
"廟美里","1","江永昌"
"廣德里","1","羅致政"
"廣新里","1","羅致政"
"廣福里","1","羅致政"
"建和里","1","江永昌"
"建安里","1","吳秉叡"
"建東里","1","管碧玲"
"建福里","1","吳秉叡"
"建隆里","1","賴瑞隆"
"彌陀區","1","邱志偉"
"彰化市","1","黃秀芳"
"彰化縣二林鎮","1","洪宗熠"
"彰化縣二水鄉","1","陳素月"
"彰化縣伸港鄉","1","王惠美"
"彰化縣北斗鎮","1","洪宗熠"
"彰化縣和美鎮","1","王惠美"
"彰化縣員林鎮","1","陳素月"
"彰化縣埔心鄉","1","洪宗熠"
"彰化縣埔鹽鄉","1","洪宗熠"
"彰化縣埤頭鄉","1","洪宗熠"
"彰化縣大城鄉","1","洪宗熠"
"彰化縣大村鄉","1","陳素月"
"彰化縣彰化市","1","黃秀芳"
"彰化縣永靖鄉","1","陳素月"
"彰化縣溪州鄉","1","洪宗熠"
"彰化縣溪湖鎮","1","洪宗熠"
"彰化縣田中鎮","1","陳素月"
"彰化縣田尾鄉","1","陳素月"
"彰化縣社頭鄉","1","陳素月"
"彰化縣福興鄉","1","王惠美"
"彰化縣秀水鄉","1","王惠美"
"彰化縣竹塘鄉","1","洪宗熠"
"彰化縣第1選舉區","1","王惠美"
"彰化縣第2選舉區","1","黃秀芳"
"彰化縣第3選舉區","1","洪宗熠"
"彰化縣第4選舉區","1","陳素月"
"彰化縣線西鄉","1","王惠美"
"彰化縣芬園鄉","1","黃秀芳"
"彰化縣花壇鄉","1","黃秀芳"
"彰化縣芳苑鄉","1","洪宗熠"
"彰化縣鹿港鎮","1","王惠美"
"後埔里","1","羅致政"
"後壁區","1","葉宜津"
"後寮里","1","陳學聖"
"後德里","1","吳秉叡"
"後龍鎮","1","陳超明"
"復勢里","1","費鴻泰"
"復國里","1","趙天麟"
"復建里","1","費鴻泰"
"復源里","1","費鴻泰"
"復盛里","1","費鴻泰"
"復興區","1","趙正宇"
"復華里","1","陳學聖"
"德仁里","1","管碧玲"
"德北里","1","管碧玲"
"德厚里","1","高志鵬"
"德昌里","1","賴瑞隆"
"德智里","1","管碧玲"
"德東里","1","管碧玲"
"德穗里","1","江永昌"
"德義里","1","陳學聖"
"德翠里","1","張宏陸"
"德華里","1","吳思瑤"
"德西里","1","管碧玲"
"忠勤里","1","林昶佐"
"忠福里","1","陳學聖"
"忠純里","1","賴瑞隆"
"忠翠里","1","張宏陸"
"思源里","1","吳秉叡"
"思賢里","1","吳秉叡"
"恆安里","1","吳秉叡"
"恆春鎮","1","莊瑞雄"
"愛國里","1","林昶佐"
"慈化里","1","林淑芬"
"慈惠里","1","林淑芬"
"慈愛里","1","林淑芬"
"慈文里","1","鄭寶清"
"慈生里","1","林淑芬"
"慈福里","1","林淑芬"
"懷翠里","1","張宏陸"
"成和里","1","羅致政"
"成德里","1","吳秉叡"
"振義里","1","羅致政"
"挹秀里","1","張宏陸"
"敦化里","1","費鴻泰"
"文中里","1","鄭寶清"
"文元里","1","江永昌"
"文北里","1","林昶佐"
"文山區","1","賴士葆"
"文昌里","1","鄭寶清"
"文盛里","1","賴士葆"
"文祥里","1","林昶佐"
"文翠里","1","張宏陸"
"文衡里","1","吳秉叡"
"斗六市","1","劉建國"
"斗南鎮","1","劉建國"
"新仁里","1","何欣純"
"新化區","1","黃偉哲"
"新北市三峽區","1","吳琪銘"
"新北市三芝區","1","呂孫綾"
"新北市三重區三安里","1","高志鵬"
"新北市三重區三民里","1","高志鵬"
"新北市三重區中央里","1","高志鵬"
"新北市三重區中山里","1","高志鵬"
"新北市三重區中正里","1","高志鵬"
"新北市三重區中民里","1","高志鵬"
"新北市三重區中興里","1","高志鵬"
"新北市三重區二重里","1","高志鵬"
"新北市三重區五常里","1","高志鵬"
"新北市三重區五福里","1","林淑芬"
"新北市三重區五華里","1","林淑芬"
"新北市三重區五谷里","1","高志鵬"
"新北市三重區五順里","1","高志鵬"
"新北市三重區仁德里","1","高志鵬"
"新北市三重區仁忠里","1","高志鵬"
"新北市三重區仁義里","1","高志鵬"
"新北市三重區仁華里","1","林淑芬"
"新北市三重區介壽里","1","高志鵬"
"新北市三重區信安里","1","高志鵬"
"新北市三重區光明里","1","高志鵬"
"新北市三重區光榮里","1","高志鵬"
"新北市三重區光正里","1","高志鵬"
"新北市三重區光田里","1","高志鵬"
"新北市三重區光華里","1","高志鵬"
"新北市三重區光輝里","1","高志鵬"
"新北市三重區光陽里","1","高志鵬"
"新北市三重區六合里","1","高志鵬"
"新北市三重區六福里","1","高志鵬"
"新北市三重區博愛里","1","高志鵬"
"新北市三重區厚德里","1","高志鵬"
"新北市三重區吉利里","1","高志鵬"
"新北市三重區同安里","1","高志鵬"
"新北市三重區同慶里","1","高志鵬"
"新北市三重區國隆里","1","高志鵬"
"新北市三重區培德里","1","高志鵬"
"新北市三重區大同里","1","高志鵬"
"新北市三重區大園里","1","高志鵬"
"新北市三重區大安里","1","高志鵬"
"新北市三重區大德里","1","高志鵬"
"新北市三重區大有里","1","高志鵬"
"新北市三重區奕壽里","1","高志鵬"
"新北市三重區安慶里","1","高志鵬"
"新北市三重區富福里","1","林淑芬"
"新北市三重區富華里","1","林淑芬"
"新北市三重區富貴里","1","林淑芬"
"新北市三重區尚德里","1","高志鵬"
"新北市三重區崇德里","1","高志鵬"
"新北市三重區平和里","1","高志鵬"
"新北市三重區幸福里","1","高志鵬"
"新北市三重區德厚里","1","高志鵬"
"新北市三重區忠孝里","1","高志鵬"
"新北市三重區慈化里","1","林淑芬"
"新北市三重區慈惠里","1","林淑芬"
"新北市三重區慈愛里","1","林淑芬"
"新北市三重區慈生里","1","林淑芬"
"新北市三重區慈祐里","1","林淑芬"
"新北市三重區慈福里","1","林淑芬"
"新北市三重區成功里","1","高志鵬"
"新北市三重區承德里","1","高志鵬"
"新北市三重區文化里","1","高志鵬"
"新北市三重區正安里","1","高志鵬"
"新北市三重區正德里","1","高志鵬"
"新北市三重區正義里","1","高志鵬"
"新北市三重區民生里","1","高志鵬"
"新北市三重區永吉里","1","高志鵬"
"新北市三重區永安里","1","高志鵬"
"新北市三重區永德里","1","高志鵬"
"新北市三重區永春里","1","高志鵬"
"新北市三重區永清里","1","林淑芬"
"新北市三重區永煇里","1","高志鵬"
"新北市三重區永發里","1","高志鵬"
"新北市三重區永盛里","1","高志鵬"
"新北市三重區永福里","1","林淑芬"
"新北市三重區永興里","1","高志鵬"
"新北市三重區永豐里","1","高志鵬"
"新北市三重區永順里","1","林淑芬"
"新北市三重區清和里","1","高志鵬"
"新北市三重區溪美里","1","高志鵬"
"新北市三重區瑞德里","1","高志鵬"
"新北市三重區田中里","1","高志鵬"
"新北市三重區田安里","1","高志鵬"
"新北市三重區田心里","1","高志鵬"
"新北市三重區碧華里","1","林淑芬"
"新北市三重區福利里","1","高志鵬"
"新北市三重區福安里","1","高志鵬"
"新北市三重區福德里","1","高志鵬"
"新北市三重區福星里","1","高志鵬"
"新北市三重區福樂里","1","高志鵬"
"新北市三重區福民里","1","高志鵬"
"新北市三重區福田里","1","高志鵬"
"新北市三重區福祉里","1","高志鵬"
"新北市三重區福隆里","1","高志鵬"
"新北市三重區秀江里","1","高志鵬"
"新北市三重區立德里","1","高志鵬"
"新北市三重區維德里","1","高志鵬"
"新北市三重區自強里","1","高志鵬"
"新北市三重區菜寮里","1","高志鵬"
"新北市三重區萬壽里","1","高志鵬"
"新北市三重區谷王里","1","高志鵬"
"新北市三重區過田里","1","高志鵬"
"新北市三重區重新里","1","高志鵬"
"新北市三重區重明里","1","高志鵬"
"新北市三重區重陽里","1","高志鵬"
"新北市三重區錦安里","1","高志鵬"
"新北市三重區錦江里","1","高志鵬"
"新北市三重區錦田里","1","高志鵬"
"新北市三重區錦通里","1","高志鵬"
"新北市三重區長元里","1","高志鵬"
"新北市三重區長安里","1","高志鵬"
"新北市三重區長江里","1","高志鵬"
"新北市三重區長泰里","1","高志鵬"
"新北市三重區長生里","1","高志鵬"
"新北市三重區長福里","1","高志鵬"
"新北市三重區開元里","1","高志鵬"
"新北市三重區雙園里","1","高志鵬"
"新北市三重區頂崁里","1","高志鵬"
"新北市三重區順德里","1","高志鵬"
"新北市三重區龍濱里","1","高志鵬"
"新北市三重區龍門里","1","高志鵬"
"新北市中和區中原里","1","江永昌"
"新北市中和區中安里","1","林德福"
"新北市中和區中山里","1","江永昌"
"新北市中和區中正里","1","江永昌"
"新北市中和區中興里","1","江永昌"
"新北市中和區仁和里","1","江永昌"
"新北市中和區佳和里","1","江永昌"
"新北市中和區信和里","1","江永昌"
"新北市中和區內南里","1","江永昌"
"新北市中和區冠穗里","1","江永昌"
"新北市中和區力行里","1","江永昌"
"新北市中和區南山里","1","江永昌"
"新北市中和區吉興里","1","江永昌"
"新北市中和區和興里","1","江永昌"
"新北市中和區員富里","1","江永昌"
"新北市中和區員山里","1","江永昌"
"新北市中和區嘉慶里","1","江永昌"
"新北市中和區嘉新里","1","江永昌"
"新北市中和區嘉穗里","1","江永昌"
"新北市中和區國光里","1","江永昌"
"新北市中和區國華里","1","江永昌"
"新北市中和區壽南里","1","江永昌"
"新北市中和區壽德里","1","江永昌"
"新北市中和區外南里","1","江永昌"
"新北市中和區安和里","1","林德福"
"新北市中和區安平里","1","林德福"
"新北市中和區安樂里","1","林德福"
"新北市中和區安穗里","1","江永昌"
"新北市中和區安順里","1","林德福"
"新北市中和區宜安里","1","林德福"
"新北市中和區崇南里","1","江永昌"
"新北市中和區平河里","1","江永昌"
"新北市中和區廟美里","1","江永昌"
"新北市中和區建和里","1","江永昌"
"新北市中和區復興里","1","江永昌"
"新北市中和區德穗里","1","江永昌"
"新北市中和區德行里","1","江永昌"
"新北市中和區忠孝里","1","江永昌"
"新北市中和區文元里","1","江永昌"
"新北市中和區新南里","1","江永昌"
"新北市中和區明德里","1","江永昌"
"新北市中和區明穗里","1","江永昌"
"新北市中和區景南里","1","江永昌"
"新北市中和區景安里","1","江永昌"
"新北市中和區景平里","1","江永昌"
"新北市中和區景文里","1","江永昌"
"新北市中和區景新里","1","江永昌"
"新北市中和區景本里","1","江永昌"
"新北市中和區景福里","1","江永昌"
"新北市中和區東南里","1","江永昌"
"新北市中和區枋寮里","1","江永昌"
"新北市中和區橫路里","1","江永昌"
"新北市中和區正南里","1","江永昌"
"新北市中和區正行里","1","江永昌"
"新北市中和區民享里","1","江永昌"
"新北市中和區民安里","1","江永昌"
"新北市中和區民有里","1","江永昌"
"新北市中和區民生里","1","江永昌"
"新北市中和區泰安里","1","林德福"
"新北市中和區清穗里","1","江永昌"
"新北市中和區漳和里","1","江永昌"
"新北市中和區灰磘里","1","江永昌"
"新北市中和區瑞穗里","1","江永昌"
"新北市中和區瓦磘里","1","江永昌"
"新北市中和區碧河里","1","江永昌"
"新北市中和區福南里","1","江永昌"
"新北市中和區福和里","1","江永昌"
"新北市中和區福善里","1","江永昌"
"新北市中和區福真里","1","江永昌"
"新北市中和區福祥里","1","江永昌"
"新北市中和區福美里","1","江永昌"
"新北市中和區秀仁里","1","林德福"
"新北市中和區秀士里","1","林德福"
"新北市中和區秀山里","1","林德福"
"新北市中和區秀峰里","1","林德福"
"新北市中和區秀成里","1","林德福"
"新北市中和區秀明里","1","林德福"
"新北市中和區秀景里","1","林德福"
"新北市中和區秀水里","1","林德福"
"新北市中和區秀福里","1","林德福"
"新北市中和區秀義里","1","林德福"
"新北市中和區積穗里","1","江永昌"
"新北市中和區自強里","1","江永昌"
"新北市中和區興南里","1","江永昌"
"新北市中和區華南里","1","江永昌"
"新北市中和區華新里","1","江永昌"
"新北市中和區連和里","1","江永昌"
"新北市中和區連城里","1","江永昌"
"新北市中和區錦中里","1","江永昌"
"新北市中和區錦和里","1","江永昌"
"新北市中和區錦昌里","1","江永昌"
"新北市中和區錦盛里","1","江永昌"
"新北市中和區頂南里","1","江永昌"
"新北市五股區","1","林淑芬"
"新北市八里區","1","呂孫綾"
"新北市土城區","1","吳琪銘"
"新北市坪林區","1","羅明才"
"新北市平溪區","1","黃國昌"
"新北市新店區","1","羅明才"
"新北市新莊區中信里","1","吳秉叡"
"新北市新莊區中全里","1","吳秉叡"
"新北市新莊區中原里","1","吳秉叡"
"新北市新莊區中和里","1","吳秉叡"
"新北市新莊區中宏里","1","吳秉叡"
"新北市新莊區中平里","1","吳秉叡"
"新北市新莊區中泰里","1","吳秉叡"
"新北市新莊區中港里","1","吳秉叡"
"新北市新莊區中美里","1","吳秉叡"
"新北市新莊區中華里","1","吳秉叡"
"新北市新莊區中誠里","1","吳秉叡"
"新北市新莊區中隆里","1","吳秉叡"
"新北市新莊區丹鳳里","1","吳秉叡"
"新北市新莊區仁愛里","1","吳秉叡"
"新北市新莊區仁義里","1","吳秉叡"
"新北市新莊區信義里","1","吳秉叡"
"新北市新莊區光和里","1","蘇巧慧"
"新北市新莊區光明里","1","蘇巧慧"
"新北市新莊區光榮里","1","蘇巧慧"
"新北市新莊區光正里","1","蘇巧慧"
"新北市新莊區光華里","1","蘇巧慧"
"新北市新莊區全安里","1","吳秉叡"
"新北市新莊區全泰里","1","吳秉叡"
"新北市新莊區八德里","1","吳秉叡"
"新北市新莊區化成里","1","吳秉叡"
"新北市新莊區南港里","1","吳秉叡"
"新北市新莊區合鳳里","1","吳秉叡"
"新北市新莊區和平里","1","吳秉叡"
"新北市新莊區四維里","1","吳秉叡"
"新北市新莊區國泰里","1","吳秉叡"
"新北市新莊區富國里","1","吳秉叡"
"新北市新莊區富民里","1","吳秉叡"
"新北市新莊區幸福里","1","吳秉叡"
"新北市新莊區建安里","1","吳秉叡"
"新北市新莊區建福里","1","吳秉叡"
"新北市新莊區後德里","1","吳秉叡"
"新北市新莊區後港里","1","吳秉叡"
"新北市新莊區忠孝里","1","吳秉叡"
"新北市新莊區思源里","1","吳秉叡"
"新北市新莊區思賢里","1","吳秉叡"
"新北市新莊區恆安里","1","吳秉叡"
"新北市新莊區成德里","1","吳秉叡"
"新北市新莊區文德里","1","吳秉叡"
"新北市新莊區文明里","1","吳秉叡"
"新北市新莊區文聖里","1","吳秉叡"
"新北市新莊區文衡里","1","吳秉叡"
"新北市新莊區昌信里","1","吳秉叡"
"新北市新莊區昌平里","1","吳秉叡"
"新北市新莊區昌明里","1","吳秉叡"
"新北市新莊區昌隆里","1","吳秉叡"
"新北市新莊區榮和里","1","吳秉叡"
"新北市新莊區民全里","1","吳秉叡"
"新北市新莊區民安里","1","蘇巧慧"
"新北市新莊區民有里","1","蘇巧慧"
"新北市新莊區民本里","1","蘇巧慧"
"新北市新莊區泰豐里","1","吳秉叡"
"新北市新莊區海山里","1","吳秉叡"
"新北市新莊區營盤里","1","吳秉叡"
"新北市新莊區瓊林里","1","吳秉叡"
"新北市新莊區祥鳳里","1","吳秉叡"
"新北市新莊區福基里","1","吳秉叡"
"新北市新莊區福營里","1","吳秉叡"
"新北市新莊區福興里","1","吳秉叡"
"新北市新莊區立人里","1","吳秉叡"
"新北市新莊區立功里","1","吳秉叡"
"新北市新莊區立基里","1","吳秉叡"
"新北市新莊區立廷里","1","吳秉叡"
"新北市新莊區立德里","1","吳秉叡"
"新北市新莊區立志里","1","吳秉叡"
"新北市新莊區立泰里","1","吳秉叡"
"新北市新莊區立言里","1","吳秉叡"
"新北市新莊區自信里","1","吳秉叡"
"新北市新莊區自強里","1","吳秉叡"
"新北市新莊區自立里","1","吳秉叡"
"新北市新莊區興漢里","1","吳秉叡"
"新北市新莊區萬安里","1","吳秉叡"
"新北市新莊區裕民里","1","吳秉叡"
"新北市新莊區西盛里","1","蘇巧慧"
"新北市新莊區豐年里","1","吳秉叡"
"新北市新莊區雙鳳里","1","吳秉叡"
"新北市新莊區頭前里","1","吳秉叡"
"新北市新莊區龍安里","1","吳秉叡"
"新北市新莊區龍福里","1","吳秉叡"
"新北市新莊區龍鳳里","1","吳秉叡"
"新北市板橋區中山里","1","羅致政"
"新北市板橋區中正里","1","張宏陸"
"新北市板橋區九如里","1","羅致政"
"新北市板橋區五權里","1","羅致政"
"新北市板橋區仁愛里","1","羅致政"
"新北市板橋區仁翠里","1","張宏陸"
"新北市板橋區介壽里","1","張宏陸"
"新北市板橋區信義里","1","羅致政"
"新北市板橋區僑中里","1","羅致政"
"新北市板橋區光仁里","1","羅致政"
"新北市板橋區光復里","1","羅致政"
"新北市板橋區光榮里","1","張宏陸"
"新北市板橋區光華里","1","張宏陸"
"新北市板橋區公舘里","1","張宏陸"
"新北市板橋區吉翠里","1","張宏陸"
"新北市板橋區和平里","1","羅致政"
"新北市板橋區國光里","1","張宏陸"
"新北市板橋區國泰里","1","羅致政"
"新北市板橋區埔墘里","1","羅致政"
"新北市板橋區埤墘里","1","張宏陸"
"新北市板橋區堂春里","1","羅致政"
"新北市板橋區大安里","1","羅致政"
"新北市板橋區大觀里","1","羅致政"
"新北市板橋區大豐里","1","羅致政"
"新北市板橋區宏翠里","1","張宏陸"
"新北市板橋區富貴里","1","羅致政"
"新北市板橋區居仁里","1","羅致政"
"新北市板橋區崑崙里","1","羅致政"
"新北市板橋區嵐翠里","1","張宏陸"
"新北市板橋區幸福里","1","張宏陸"
"新北市板橋區廣德里","1","羅致政"
"新北市板橋區廣新里","1","羅致政"
"新北市板橋區廣福里","1","羅致政"
"新北市板橋區建國里","1","張宏陸"
"新北市板橋區後埔里","1","羅致政"
"新北市板橋區復興里","1","羅致政"
"新北市板橋區德翠里","1","張宏陸"
"新北市板橋區忠翠里","1","張宏陸"
"新北市板橋區忠誠里","1","張宏陸"
"新北市板橋區懷翠里","1","張宏陸"
"新北市板橋區成和里","1","羅致政"
"新北市板橋區振義里","1","羅致政"
"新北市板橋區振興里","1","羅致政"
"新北市板橋區挹秀里","1","張宏陸"
"新北市板橋區文化里","1","張宏陸"
"新北市板橋區文德里","1","張宏陸"
"新北市板橋區文翠里","1","張宏陸"
"新北市板橋區文聖里","1","張宏陸"
"新北市板橋區新埔里","1","張宏陸"
"新北市板橋區新民里","1","張宏陸"
"新北市板橋區新海里","1","張宏陸"
"新北市板橋區新生里","1","張宏陸"
"新北市板橋區新翠里","1","張宏陸"
"新北市板橋區新興里","1","張宏陸"
"新北市板橋區明翠里","1","張宏陸"
"新北市板橋區景星里","1","羅致政"
"新北市板橋區朝陽里","1","張宏陸"
"新北市板橋區東丘里","1","羅致政"
"新北市板橋區東安里","1","羅致政"
"新北市板橋區松柏里","1","張宏陸"
"新北市板橋區松翠里","1","張宏陸"
"新北市板橋區柏翠里","1","張宏陸"
"新北市板橋區歡園里","1","羅致政"
"新北市板橋區正泰里","1","羅致政"
"新北市板橋區民安里","1","張宏陸"
"新北市板橋區民族里","1","羅致政"
"新北市板橋區民權里","1","張宏陸"
"新北市板橋區民生里","1","羅致政"
"新北市板橋區永安里","1","張宏陸"
"新北市板橋區江翠里","1","張宏陸"
"新北市板橋區流芳里","1","張宏陸"
"新北市板橋區浮洲里","1","羅致政"
"新北市板橋區海山里","1","羅致政"
"新北市板橋區深丘里","1","羅致政"
"新北市板橋區港嘴里","1","張宏陸"
"新北市板橋區港尾里","1","張宏陸"
"新北市板橋區港德里","1","張宏陸"
"新北市板橋區湳興里","1","張宏陸"
"新北市板橋區溪北里","1","羅致政"
"新北市板橋區溪洲里","1","羅致政"
"新北市板橋區溪福里","1","羅致政"
"新北市板橋區溪頭里","1","張宏陸"
"新北市板橋區滿翠里","1","張宏陸"
"新北市板橋區漢生里","1","張宏陸"
"新北市板橋區玉光里","1","羅致政"
"新北市板橋區留侯里","1","張宏陸"
"新北市板橋區百壽里","1","張宏陸"
"新北市板橋區社後里","1","張宏陸"
"新北市板橋區福丘里","1","羅致政"
"新北市板橋區福壽里","1","羅致政"
"新北市板橋區福安里","1","羅致政"
"新北市板橋區福德里","1","羅致政"
"新北市板橋區福星里","1","羅致政"
"新北市板橋區福祿里","1","羅致政"
"新北市板橋區福翠里","1","張宏陸"
"新北市板橋區純翠里","1","張宏陸"
"新北市板橋區聚安里","1","羅致政"
"新北市板橋區聯翠里","1","張宏陸"
"新北市板橋區自強里","1","張宏陸"
"新北市板橋區自立里","1","張宏陸"
"新北市板橋區莊敬里","1","張宏陸"
"新北市板橋區莒光里","1","張宏陸"
"新北市板橋區華中里","1","羅致政"
"新北市板橋區華德里","1","羅致政"
"新北市板橋區華東里","1","羅致政"
"新北市板橋區華江里","1","張宏陸"
"新北市板橋區華福里","1","羅致政"
"新北市板橋區華翠里","1","張宏陸"
"新北市板橋區華興里","1","羅致政"
"新北市板橋區華貴里","1","羅致政"
"新北市板橋區西安里","1","羅致政"
"新北市板橋區赤松里","1","張宏陸"
"新北市板橋區鄉雲里","1","羅致政"
"新北市板橋區重慶里","1","羅致政"
"新北市板橋區金華里","1","張宏陸"
"新北市板橋區長壽里","1","羅致政"
"新北市板橋區長安里","1","羅致政"
"新北市板橋區陽明里","1","張宏陸"
"新北市板橋區雙玉里","1","羅致政"
"新北市板橋區青翠里","1","張宏陸"
"新北市板橋區香丘里","1","羅致政"
"新北市板橋區香社里","1","張宏陸"
"新北市板橋區香雅里","1","張宏陸"
"新北市板橋區黃石里","1","張宏陸"
"新北市板橋區龍安里","1","羅致政"
"新北市板橋區龍翠里","1","張宏陸"
"新北市林口區","1","呂孫綾"
"新北市樹林區","1","蘇巧慧"
"新北市永和區","1","林德福"
"新北市汐止區","1","黃國昌"
"新北市泰山區","1","呂孫綾"
"新北市淡水區","1","呂孫綾"
"新北市深坑區","1","羅明才"
"新北市烏來區","1","羅明才"
"新北市瑞芳區","1","黃國昌"
"新北市石碇區","1","羅明才"
"新北市石門區","1","呂孫綾"
"新北市第10選舉區","1","吳琪銘"
"新北市第11選舉區","1","羅明才"
"新北市第12選舉區","1","黃國昌"
"新北市第1選舉區","1","呂孫綾"
"新北市第2選舉區","1","林淑芬"
"新北市第3選舉區","1","高志鵬"
"新北市第4選舉區","1","吳秉叡"
"新北市第5選舉區","1","蘇巧慧"
"新北市第6選舉區","1","張宏陸"
"新北市第7選舉區","1","羅致政"
"新北市第8選舉區","1","江永昌"
"新北市第9選舉區","1","林德福"
"新北市萬里區","1","黃國昌"
"新北市蘆洲區","1","林淑芬"
"新北市貢寮區","1","黃國昌"
"新北市金山區","1","黃國昌"
"新北市雙溪區","1","黃國昌"
"新北市鶯歌區","1","蘇巧慧"
"新南里","1","江永昌"
"新園鄉","1","莊瑞雄"
"新埤鄉","1","莊瑞雄"
"新安里","1","姚文智"
"新屋區","1","陳賴素美"
"新市區","1","黃偉哲"
"新店區","1","羅明才"
"新明里","1","陳學聖"
"新東里","1","蔣萬安"
"新民里","1","張宏陸"
"新海里","1","張宏陸"
"新港鄉","1","陳明文"
"新營區","1","葉宜津"
"新營里","1","林昶佐"
"新生里","1","張宏陸"
"新益里","1","蔣萬安"
"新社區","1","江啟臣"
"新竹市","1","柯建銘"
"新竹市第1選舉區","1","柯建銘"
"新竹縣","1","林為洲"
"新竹縣第1選舉區","1","林為洲"
"新翠里","1","張宏陸"
"新聚里","1","費鴻泰"
"新興區","1","趙天麟"
"新莊區中信里","1","吳秉叡"
"新莊區中原里","1","吳秉叡"
"新莊區中和里","1","吳秉叡"
"新莊區中平里","1","吳秉叡"
"新莊區中泰里","1","吳秉叡"
"新莊區中華里","1","吳秉叡"
"新莊區仁愛里","1","吳秉叡"
"新莊區仁義里","1","吳秉叡"
"新莊區信義里","1","吳秉叡"
"新莊區光明里","1","蘇巧慧"
"新莊區光榮里","1","蘇巧慧"
"新莊區光正里","1","蘇巧慧"
"新莊區光華里","1","蘇巧慧"
"新莊區和平里","1","吳秉叡"
"新莊區國泰里","1","吳秉叡"
"新莊區幸福里","1","吳秉叡"
"新莊區後港里","1","吳秉叡"
"新莊區忠孝里","1","吳秉叡"
"新莊區文德里","1","吳秉叡"
"新莊區文明里","1","吳秉叡"
"新莊區文聖里","1","吳秉叡"
"新莊區民安里","1","蘇巧慧"
"新莊區民有里","1","蘇巧慧"
"新莊區海山里","1","吳秉叡"
"新莊區立德里","1","吳秉叡"
"新莊區自信里","1","吳秉叡"
"新莊區自強里","1","吳秉叡"
"新莊區自立里","1","吳秉叡"
"新莊區裕民里","1","吳秉叡"
"新莊區龍安里","1","吳秉叡"
"新莊區龍福里","1","吳秉叡"
"新莊區龍鳳里","1","吳秉叡"
"新街里","1","陳學聖"
"新里里","1","何欣純"
"旗山區","1","邱議瑩"
"旗津區","1","管碧玲"
"日新里","1","何欣純"
"昌信里","1","吳秉叡"
"昌平里","1","吳秉叡"
"昌明里","1","吳秉叡"
"昌隆里","1","吳秉叡"
"明勝里","1","姚文智"
"明孝里","1","賴瑞隆"
"明正里","1","賴瑞隆"
"明禮里","1","賴瑞隆"
"明穗里","1","江永昌"
"明義里","1","賴瑞隆"
"明翠里","1","張宏陸"
"明道里","1","賴瑞隆"
"春日鄉","1","莊瑞雄"
"春日里","1","鄭運鵬"
"普仁里","1","陳學聖"
"普強里","1","陳學聖"
"普忠里","1","陳學聖"
"普慶里","1","陳學聖"
"普義里","1","陳學聖"
"景南里","1","江永昌"
"景安里","1","江永昌"
"景平里","1","江永昌"
"景文里","1","江永昌"
"景新里","1","江永昌"
"景星里","1","羅致政"
"景本里","1","江永昌"
"景福里","1","江永昌"
"會稽里","1","鄭運鵬"
"月眉里","1","陳學聖"
"本上里","1","李昆澤"
"本元里","1","李昆澤"
"本和里","1","李昆澤"
"本安里","1","李昆澤"
"本揚里","1","李昆澤"
"本文里","1","李昆澤"
"本武里","1","李昆澤"
"本館里","1","李昆澤"
"朴子市","1","蔡易餘"
"杉林區","1","邱議瑩"
"東丘里","1","羅致政"
"東光里","1","蔣萬安"
"東勢區","1","江啟臣"
"東勢鄉","1","蘇治芬"
"東勢里","1","蔣萬安"
"東南里","1","江永昌"
"東埔里","1","鄭寶清"
"東安里","1","羅致政"
"東山區","1","葉宜津"
"東昇里","1","何欣純"
"東昌里","1","蔣萬安"
"東榮里","1","蔣萬安"
"東港鎮","1","莊瑞雄"
"東湖里","1","顏寬恒"
"東石鄉","1","蔡易餘"
"松基里","1","蔣萬安"
"松山區三民里","1","蔣萬安"
"松山區中正里","1","費鴻泰"
"松山區中華里","1","蔣萬安"
"松山區介壽里","1","蔣萬安"
"松山區安平里","1","蔣萬安"
"松山區慈祐里","1","費鴻泰"
"松山區民有里","1","蔣萬安"
"松山區自強里","1","蔣萬安"
"松山區莊敬里","1","蔣萬安"
"松柏里","1","張宏陸"
"松翠里","1","張宏陸"
"板橋區中山里","1","羅致政"
"板橋區中正里","1","張宏陸"
"板橋區五權里","1","羅致政"
"板橋區仁愛里","1","羅致政"
"板橋區介壽里","1","張宏陸"
"板橋區信義里","1","羅致政"
"板橋區光復里","1","羅致政"
"板橋區光榮里","1","張宏陸"
"板橋區光華里","1","張宏陸"
"板橋區和平里","1","羅致政"
"板橋區國光里","1","張宏陸"
"板橋區國泰里","1","羅致政"
"板橋區大安里","1","羅致政"
"板橋區大豐里","1","羅致政"
"板橋區富貴里","1","羅致政"
"板橋區幸福里","1","張宏陸"
"板橋區建國里","1","張宏陸"
"板橋區復興里","1","羅致政"
"板橋區忠誠里","1","張宏陸"
"板橋區振興里","1","羅致政"
"板橋區文化里","1","張宏陸"
"板橋區文德里","1","張宏陸"
"板橋區文聖里","1","張宏陸"
"板橋區新埔里","1","張宏陸"
"板橋區新興里","1","張宏陸"
"板橋區朝陽里","1","張宏陸"
"板橋區民安里","1","張宏陸"
"板橋區民權里","1","張宏陸"
"板橋區民生里","1","羅致政"
"板橋區永安里","1","張宏陸"
"板橋區海山里","1","羅致政"
"板橋區福安里","1","羅致政"
"板橋區福德里","1","羅致政"
"板橋區福星里","1","羅致政"
"板橋區自強里","1","張宏陸"
"板橋區自立里","1","張宏陸"
"板橋區莊敬里","1","張宏陸"
"板橋區金華里","1","張宏陸"
"板橋區長安里","1","羅致政"
"板橋區陽明里","1","張宏陸"
"板橋區龍安里","1","羅致政"
"板溪里","1","賴士葆"
"枋寮鄉","1","莊瑞雄"
"枋寮里","1","江永昌"
"枋山鄉","1","莊瑞雄"
"林內鄉","1","劉建國"
"林口區","1","呂孫綾"
"林園區","1","林岱樺"
"林森里","1","陳學聖"
"林興里","1","賴士葆"
"林邊鄉","1","莊瑞雄"
"柏翠里","1","張宏陸"
"柳營區","1","葉宜津"
"桃園區三民里","1","鄭運鵬"
"桃園區中信里","1","鄭寶清"
"桃園區中原里","1","鄭寶清"
"桃園區中和里","1","鄭寶清"
"桃園區中山里","1","鄭寶清"
"桃園區中平里","1","鄭寶清"
"桃園區中正里","1","鄭寶清"
"桃園區中泰里","1","鄭寶清"
"桃園區中興里","1","鄭寶清"
"桃園區南門里","1","鄭寶清"
"桃園區同安里","1","鄭寶清"
"桃園區同德里","1","鄭寶清"
"桃園區大有里","1","鄭運鵬"
"桃園區大豐里","1","鄭寶清"
"桃園區寶安里","1","鄭寶清"
"桃園區寶慶里","1","鄭寶清"
"桃園區建國里","1","鄭寶清"
"桃園區忠義里","1","鄭運鵬"
"桃園區成功里","1","鄭寶清"
"桃園區文化里","1","鄭寶清"
"桃園區文明里","1","鄭寶清"
"桃園區新埔里","1","鄭寶清"
"桃園區明德里","1","鄭寶清"
"桃園區朝陽里","1","鄭寶清"
"桃園區東山里","1","鄭寶清"
"桃園區東門里","1","鄭寶清"
"桃園區民生里","1","鄭寶清"
"桃園區永安里","1","鄭寶清"
"桃園區永興里","1","鄭寶清"
"桃園區福安里","1","鄭寶清"
"桃園區福林里","1","鄭寶清"
"桃園區自強里","1","鄭寶清"
"桃園區莊敬里","1","鄭寶清"
"桃園區萬壽里","1","鄭運鵬"
"桃園區西湖里","1","鄭寶清"
"桃園區長安里","1","鄭寶清"
"桃園區龍安里","1","鄭寶清"
"桃園區龍岡里","1","鄭寶清"
"桃園區龍鳳里","1","鄭寶清"
"桃園市中壢區三民里","1","陳學聖"
"桃園市中壢區中原里","1","陳學聖"
"桃園市中壢區中堅里","1","趙正宇"
"桃園市中壢區中壢里","1","陳學聖"
"桃園市中壢區中央里","1","陳學聖"
"桃園市中壢區中山里","1","趙正宇"
"桃園市中壢區中建里","1","陳學聖"
"桃園市中壢區中榮里","1","陳學聖"
"桃園市中壢區中正里","1","趙正宇"
"桃園市中壢區中興里","1","陳學聖"
"桃園市中壢區五權里","1","陳學聖"
"桃園市中壢區五福里","1","陳學聖"
"桃園市中壢區仁和里","1","趙正宇"
"桃園市中壢區仁德里","1","趙正宇"
"桃園市中壢區仁愛里","1","趙正宇"
"桃園市中壢區仁祥里","1","趙正宇"
"桃園市中壢區仁福里","1","陳學聖"
"桃園市中壢區仁美里","1","陳學聖"
"桃園市中壢區仁義里","1","陳學聖"
"桃園市中壢區信義里","1","陳學聖"
"桃園市中壢區健行里","1","陳學聖"
"桃園市中壢區光明里","1","陳學聖"
"桃園市中壢區內厝里","1","陳學聖"
"桃園市中壢區內壢里","1","陳學聖"
"桃園市中壢區內定里","1","陳學聖"
"桃園市中壢區和平里","1","陳學聖"
"桃園市中壢區山東里","1","陳學聖"
"桃園市中壢區幸福里","1","陳學聖"
"桃園市中壢區後寮里","1","陳學聖"
"桃園市中壢區復興里","1","陳學聖"
"桃園市中壢區復華里","1","陳學聖"
"桃園市中壢區德義里","1","陳學聖"
"桃園市中壢區忠孝里","1","陳學聖"
"桃園市中壢區忠福里","1","陳學聖"
"桃園市中壢區忠義里","1","陳學聖"
"桃園市中壢區成功里","1","陳學聖"
"桃園市中壢區振興里","1","陳學聖"
"桃園市中壢區文化里","1","陳學聖"
"桃園市中壢區新明里","1","陳學聖"
"桃園市中壢區新興里","1","陳學聖"
"桃園市中壢區新街里","1","陳學聖"
"桃園市中壢區明德里","1","陳學聖"
"桃園市中壢區普仁里","1","陳學聖"
"桃園市中壢區普強里","1","陳學聖"
"桃園市中壢區普忠里","1","陳學聖"
"桃園市中壢區普慶里","1","陳學聖"
"桃園市中壢區普義里","1","陳學聖"
"桃園市中壢區月眉里","1","陳學聖"
"桃園市中壢區東興里","1","陳學聖"
"桃園市中壢區林森里","1","陳學聖"
"桃園市中壢區正義里","1","陳學聖"
"桃園市中壢區水尾里","1","陳學聖"
"桃園市中壢區永光里","1","陳學聖"
"桃園市中壢區永福里","1","陳學聖"
"桃園市中壢區永興里","1","陳學聖"
"桃園市中壢區洽溪里","1","陳學聖"
"桃園市中壢區石頭里","1","陳學聖"
"桃園市中壢區福德里","1","陳學聖"
"桃園市中壢區篤行里","1","趙正宇"
"桃園市中壢區自信里","1","陳學聖"
"桃園市中壢區自強里","1","趙正宇"
"桃園市中壢區自治里","1","陳學聖"
"桃園市中壢區自立里","1","陳學聖"
"桃園市中壢區至善里","1","陳學聖"
"桃園市中壢區興仁里","1","趙正宇"
"桃園市中壢區興南里","1","陳學聖"
"桃園市中壢區興和里","1","陳學聖"
"桃園市中壢區興國里","1","陳學聖"
"桃園市中壢區興平里","1","陳學聖"
"桃園市中壢區舊明里","1","陳學聖"
"桃園市中壢區芝芭里","1","陳學聖"
"桃園市中壢區莊敬里","1","陳學聖"
"桃園市中壢區華勛里","1","趙正宇"
"桃園市中壢區華愛里","1","陳學聖"
"桃園市中壢區過嶺里","1","陳學聖"
"桃園市中壢區金華里","1","陳學聖"
"桃園市中壢區青埔里","1","陳學聖"
"桃園市中壢區龍安里","1","趙正宇"
"桃園市中壢區龍岡里","1","陳學聖"
"桃園市中壢區龍平里","1","陳學聖"
"桃園市中壢區龍德里","1","陳學聖"
"桃園市中壢區龍慈里","1","陳學聖"
"桃園市中壢區龍昌里","1","陳學聖"
"桃園市中壢區龍東里","1","陳學聖"
"桃園市中壢區龍興里","1","陳學聖"
"桃園市八德區","1","趙正宇"
"桃園市大園區","1","陳賴素美"
"桃園市大溪區","1","趙正宇"
"桃園市平鎮區","1","呂玉玲"
"桃園市復興區","1","趙正宇"
"桃園市新屋區","1","陳賴素美"
"桃園市桃園區三元里","1","鄭運鵬"
"桃園市桃園區三民里","1","鄭運鵬"
"桃園市桃園區中信里","1","鄭寶清"
"桃園市桃園區中原里","1","鄭寶清"
"桃園市桃園區中和里","1","鄭寶清"
"桃園市桃園區中埔里","1","鄭寶清"
"桃園市桃園區中寧里","1","鄭寶清"
"桃園市桃園區中山里","1","鄭寶清"
"桃園市桃園區中平里","1","鄭寶清"
"桃園市桃園區中德里","1","鄭寶清"
"桃園市桃園區中成里","1","鄭寶清"
"桃園市桃園區中正里","1","鄭寶清"
"桃園市桃園區中泰里","1","鄭寶清"
"桃園市桃園區中聖里","1","鄭寶清"
"桃園市桃園區中興里","1","鄭寶清"
"桃園市桃園區中路里","1","鄭寶清"
"桃園市桃園區信光里","1","鄭寶清"
"桃園市桃園區光興里","1","鄭寶清"
"桃園市桃園區北埔里","1","鄭寶清"
"桃園市桃園區北門里","1","鄭寶清"
"桃園市桃園區南埔里","1","鄭寶清"
"桃園市桃園區南華里","1","鄭寶清"
"桃園市桃園區南門里","1","鄭寶清"
"桃園市桃園區同安里","1","鄭寶清"
"桃園市桃園區同德里","1","鄭寶清"
"桃園市桃園區大有里","1","鄭運鵬"
"桃園市桃園區大林里","1","鄭寶清"
"桃園市桃園區大興里","1","鄭運鵬"
"桃園市桃園區大豐里","1","鄭寶清"
"桃園市桃園區寶安里","1","鄭寶清"
"桃園市桃園區寶山里","1","鄭運鵬"
"桃園市桃園區寶慶里","1","鄭寶清"
"桃園市桃園區建國里","1","鄭寶清"
"桃園市桃園區忠義里","1","鄭運鵬"
"桃園市桃園區慈文里","1","鄭寶清"
"桃園市桃園區成功里","1","鄭寶清"
"桃園市桃園區文中里","1","鄭寶清"
"桃園市桃園區文化里","1","鄭寶清"
"桃園市桃園區文昌里","1","鄭寶清"
"桃園市桃園區文明里","1","鄭寶清"
"桃園市桃園區新埔里","1","鄭寶清"
"桃園市桃園區明德里","1","鄭寶清"
"桃園市桃園區春日里","1","鄭運鵬"
"桃園市桃園區會稽里","1","鄭運鵬"
"桃園市桃園區朝陽里","1","鄭寶清"
"桃園市桃園區東埔里","1","鄭寶清"
"桃園市桃園區東山里","1","鄭寶清"
"桃園市桃園區東門里","1","鄭寶清"
"桃園市桃園區武陵里","1","鄭寶清"
"桃園市桃園區民生里","1","鄭寶清"
"桃園市桃園區永安里","1","鄭寶清"
"桃園市桃園區永興里","1","鄭寶清"
"桃園市桃園區汴洲里","1","鄭運鵬"
"桃園市桃園區泰山里","1","鄭寶清"
"桃園市桃園區玉山里","1","鄭寶清"
"桃園市桃園區瑞慶里","1","鄭寶清"
"桃園市桃園區福安里","1","鄭寶清"
"桃園市桃園區福林里","1","鄭寶清"
"桃園市桃園區自強里","1","鄭寶清"
"桃園市桃園區莊敬里","1","鄭寶清"
"桃園市桃園區萬壽里","1","鄭運鵬"
"桃園市桃園區西埔里","1","鄭寶清"
"桃園市桃園區西湖里","1","鄭寶清"
"桃園市桃園區西門里","1","鄭寶清"
"桃園市桃園區豐林里","1","鄭寶清"
"桃園市桃園區長安里","1","鄭寶清"
"桃園市桃園區長德里","1","鄭寶清"
"桃園市桃園區長美里","1","鄭寶清"
"桃園市桃園區雲林里","1","鄭寶清"
"桃園市桃園區青溪里","1","鄭運鵬"
"桃園市桃園區龍壽里","1","鄭寶清"
"桃園市桃園區龍安里","1","鄭寶清"
"桃園市桃園區龍山里","1","鄭寶清"
"桃園市桃園區龍岡里","1","鄭寶清"
"桃園市桃園區龍祥里","1","鄭寶清"
"桃園市桃園區龍鳳里","1","鄭寶清"
"桃園市楊梅區","1","陳賴素美"
"桃園市第1選舉區","1","鄭運鵬"
"桃園市第2選舉區","1","陳賴素美"
"桃園市第3選舉區","1","陳學聖"
"桃園市第4選舉區","1","鄭寶清"
"桃園市第5選舉區","1","呂玉玲"
"桃園市第6選舉區","1","趙正宇"
"桃園市蘆竹區","1","鄭運鵬"
"桃園市觀音區","1","陳賴素美"
"桃園市龍潭區","1","呂玉玲"
"桃園市龜山區","1","鄭運鵬"
"桃源區","1","邱議瑩"
"梅山鄉","1","陳明文"
"梅花里","1","林昶佐"
"梓官區","1","邱志偉"
"梧棲區","1","蔡其昌"
"楊梅區","1","陳賴素美"
"楠梓區","1","劉世芳"
"楠西區","1","黃偉哲"
"榮和里","1","吳秉叡"
"樹林區","1","蘇巧慧"
"樹王里","1","何欣純"
"橋頭區","1","邱志偉"
"橫路里","1","江永昌"
"歡園里","1","羅致政"
"正南里","1","江永昌"
"正安里","1","高志鵬"
"正德里","1","高志鵬"
"正泰里","1","羅致政"
"正興里","1","李昆澤"
"正行里","1","江永昌"
"正順里","1","李昆澤"
"武陵里","1","鄭寶清"
"歸仁區","1","王定宇"
"民全里","1","吳秉叡"
"民族里","1","羅致政"
"民本里","1","蘇巧慧"
"民福里","1","蔣萬安"
"民雄鄉","1","陳明文"
"水上鄉","1","蔡易餘"
"水尾里","1","陳學聖"
"水林鄉","1","蘇治芬"
"水源里","1","賴士葆"
"水里鄉","1","許淑華"
"永倫里","1","姚文智"
"永光里","1","陳學聖"
"永功里","1","林昶佐"
"永吉里","1","高志鵬"
"永和區","1","林德福"
"永安區","1","邱志偉"
"永康區","1","王定宇"
"永德里","1","高志鵬"
"永昌里","1","林昶佐"
"永春里","1","高志鵬"
"永清里","1","林淑芬"
"永煇里","1","高志鵬"
"永發里","1","高志鵬"
"永盛里","1","高志鵬"
"永豐里","1","高志鵬"
"永隆里","1","何欣純"
"永靖鄉","1","陳素月"
"永順里","1","林淑芬"
"汐止區","1","黃國昌"
"江翠里","1","張宏陸"
"汴洲里","1","鄭運鵬"
"沙鹿區","1","顏寬恒"
"河堤里","1","賴士葆"
"泰安鄉","1","徐志榮"
"泰安里","1","林德福"
"泰山區","1","呂孫綾"
"泰山里","1","鄭寶清"
"泰武鄉","1","蘇震清"
"泰豐里","1","吳秉叡"
"洽溪里","1","陳學聖"
"流芳里","1","張宏陸"
"浮洲里","1","羅致政"
"淡水區","1","呂孫綾"
"深丘里","1","羅致政"
"深坑區","1","羅明才"
"清和里","1","高志鵬"
"清水區","1","蔡其昌"
"清穗里","1","江永昌"
"港嘴里","1","張宏陸"
"港尾里","1","張宏陸"
"港德里","1","張宏陸"
"港新里","1","管碧玲"
"港東里","1","管碧玲"
"港西里","1","管碧玲"
"湖內區","1","邱志偉"
"湳興里","1","張宏陸"
"溪北里","1","羅致政"
"溪口鄉","1","陳明文"
"溪山里","1","姚文智"
"溪州鄉","1","洪宗熠"
"溪洲里","1","羅致政"
"溪湖鎮","1","洪宗熠"
"溪福里","1","羅致政"
"溪美里","1","高志鵬"
"溪頭里","1","張宏陸"
"滿州鄉","1","莊瑞雄"
"滿翠里","1","張宏陸"
"漢生里","1","張宏陸"
"漳和里","1","江永昌"
"潭子區","1","洪慈庸"
"潮州鎮","1","蘇震清"
"澎湖縣","1","楊曜"
"澎湖縣第1選舉區","1","楊曜"
"灣中里","1","李昆澤"
"灣利里","1","李昆澤"
"灣勝里","1","李昆澤"
"灣子里","1","李昆澤"
"灣復里","1","李昆澤"
"灣愛里","1","李昆澤"
"灣成里","1","李昆澤"
"灣興里","1","李昆澤"
"灣華里","1","李昆澤"
"灰磘里","1","江永昌"
"烏來區","1","羅明才"
"烏日區","1","顏寬恒"
"燕巢區","1","邱議瑩"
"營盤里","1","吳秉叡"
"牡丹鄉","1","莊瑞雄"
"獅子鄉","1","莊瑞雄"
"獅潭鄉","1","徐志榮"
"玉井區","1","黃偉哲"
"玉光里","1","羅致政"
"玉山里","1","鄭寶清"
"琉球鄉","1","莊瑞雄"
"瑞北里","1","賴瑞隆"
"瑞南里","1","賴瑞隆"
"瑞和里","1","賴瑞隆"
"瑞城里","1","何欣純"
"瑞崗里","1","賴瑞隆"
"瑞平里","1","賴瑞隆"
"瑞德里","1","高志鵬"
"瑞慶里","1","鄭寶清"
"瑞文里","1","賴瑞隆"
"瑞昌里","1","賴瑞隆"
"瑞東里","1","賴瑞隆"
"瑞祥里","1","賴瑞隆"
"瑞穗里","1","江永昌"
"瑞竹里","1","賴瑞隆"
"瑞興里","1","賴瑞隆"
"瑞芳區","1","黃國昌"
"瑞華里","1","賴瑞隆"
"瑞西里","1","賴瑞隆"
"瑞誠里","1","賴瑞隆"
"瑞豐里","1","賴瑞隆"
"瑞隆里","1","賴瑞隆"
"瑪家鄉","1","蘇震清"
"瓊林里","1","吳秉叡"
"瓦磘里","1","江永昌"
"田中里","1","高志鵬"
"田中鎮","1","陳素月"
"田安里","1","高志鵬"
"田寮區","1","邱議瑩"
"田尾鄉","1","陳素月"
"田心里","1","高志鵬"
"甲仙區","1","邱議瑩"
"留侯里","1","張宏陸"
"番路鄉","1","陳明文"
"白河區","1","葉宜津"
"百壽里","1","張宏陸"
"百齡里","1","姚文智"
"盛興里","1","賴瑞隆"
"盛豐里","1","賴瑞隆"
"石岡區","1","江啟臣"
"石碇區","1","羅明才"
"石門區","1","呂孫綾"
"石頭里","1","陳學聖"
"碧河里","1","江永昌"
"碧華里","1","林淑芬"
"社園里","1","姚文智"
"社子里","1","姚文智"
"社後里","1","張宏陸"
"社新里","1","姚文智"
"社頭鄉","1","陳素月"
"神岡區","1","洪慈庸"
"祥興里","1","何欣純"
"祥鳳里","1","吳秉叡"
"福丘里","1","羅致政"
"福中里","1","姚文智"
"福佳里","1","姚文智"
"福利里","1","高志鵬"
"福南里","1","江永昌"
"福和里","1","江永昌"
"福善里","1","江永昌"
"福基里","1","吳秉叡"
"福壽里","1","羅致政"
"福志里","1","姚文智"
"福成里","1","費鴻泰"
"福樂里","1","高志鵬"
"福民里","1","高志鵬"
"福營里","1","吳秉叡"
"福田里","1","高志鵬"
"福真里","1","江永昌"
"福祉里","1","高志鵬"
"福祥里","1","江永昌"
"福祿里","1","羅致政"
"福美里","1","江永昌"
"福翠里","1","張宏陸"
"福興鄉","1","王惠美"
"福興里","1","吳秉叡"
"福華里","1","姚文智"
"福隆里","1","高志鵬"
"福順里","1","姚文智"
"秀仁里","1","林德福"
"秀士里","1","林德福"
"秀山里","1","林德福"
"秀峰里","1","林德福"
"秀成里","1","林德福"
"秀明里","1","林德福"
"秀景里","1","林德福"
"秀水鄉","1","王惠美"
"秀水里","1","林德福"
"秀江里","1","高志鵬"
"秀福里","1","林德福"
"秀義里","1","林德福"
"積穗里","1","江永昌"
"立人里","1","吳秉叡"
"立仁里","1","何欣純"
"立功里","1","吳秉叡"
"立基里","1","吳秉叡"
"立廷里","1","吳秉叡"
"立志里","1","吳秉叡"
"立業里","1","管碧玲"
"立泰里","1","吳秉叡"
"立言里","1","吳秉叡"
"立誠里","1","管碧玲"
"竹中里","1","趙天麟"
"竹內里","1","趙天麟"
"竹北里","1","趙天麟"
"竹南里","1","趙天麟"
"竹南鎮","1","陳超明"
"竹塘鄉","1","洪宗熠"
"竹山鎮","1","許淑華"
"竹崎鄉","1","陳明文"
"竹東里","1","趙天麟"
"竹田鄉","1","蘇震清"
"竹西里","1","趙天麟"
"篤行里","1","趙正宇"
"精忠里","1","蔣萬安"
"精華里","1","管碧玲"
"純翠里","1","張宏陸"
"維德里","1","高志鵬"
"網溪里","1","賴士葆"
"線西鄉","1","王惠美"
"美仁里","1","費鴻泰"
"美濃區","1","邱議瑩"
"義信里","1","姚文智"
"義竹鄉","1","蔡易餘"
"翠山里","1","姚文智"
"聖山里","1","姚文智"
"聚安里","1","羅致政"
"聯翠里","1","張宏陸"
"臨溪里","1","姚文智"
"自治里","1","陳學聖"
"至善里","1","陳學聖"
"臺中市中區","1","黃國書"
"臺中市北區","1","盧秀燕"
"臺中市北屯區","1","盧秀燕"
"臺中市南區","1","黃國書"
"臺中市南屯區","1","張廖萬堅"
"臺中市后里區","1","洪慈庸"
"臺中市和平區","1","江啟臣"
"臺中市外埔區","1","蔡其昌"
"臺中市大安區","1","蔡其昌"
"臺中市大甲區","1","蔡其昌"
"臺中市大肚區","1","顏寬恒"
"臺中市大里區中新里","1","何欣純"
"臺中市大里區仁化里","1","何欣純"
"臺中市大里區仁德里","1","何欣純"
"臺中市大里區健民里","1","何欣純"
"臺中市大里區內新里","1","何欣純"
"臺中市大里區國光里","1","何欣純"
"臺中市大里區塗城里","1","何欣純"
"臺中市大里區夏田里","1","何欣純"
"臺中市大里區大元里","1","何欣純"
"臺中市大里區大明里","1","何欣純"
"臺中市大里區大里里","1","何欣純"
"臺中市大里區新仁里","1","何欣純"
"臺中市大里區新里里","1","何欣純"
"臺中市大里區日新里","1","何欣純"
"臺中市大里區東昇里","1","何欣純"
"臺中市大里區東湖里","1","顏寬恒"
"臺中市大里區東興里","1","何欣純"
"臺中市大里區樹王里","1","何欣純"
"臺中市大里區永隆里","1","何欣純"
"臺中市大里區瑞城里","1","何欣純"
"臺中市大里區祥興里","1","何欣純"
"臺中市大里區立仁里","1","何欣純"
"臺中市大里區立德里","1","何欣純"
"臺中市大里區西榮里","1","何欣純"
"臺中市大里區西湖里","1","顏寬恒"
"臺中市大里區金城里","1","何欣純"
"臺中市大里區長榮里","1","何欣純"
"臺中市大雅區","1","洪慈庸"
"臺中市太平區","1","何欣純"
"臺中市新社區","1","江啟臣"
"臺中市東勢區","1","江啟臣"
"臺中市東區","1","黃國書"
"臺中市梧棲區","1","蔡其昌"
"臺中市沙鹿區","1","顏寬恒"
"臺中市清水區","1","蔡其昌"
"臺中市潭子區","1","洪慈庸"
"臺中市烏日區","1","顏寬恒"
"臺中市石岡區","1","江啟臣"
"臺中市神岡區","1","洪慈庸"
"臺中市第1選舉區","1","蔡其昌"
"臺中市第2選舉區","1","顏寬恒"
"臺中市第3選舉區","1","洪慈庸"
"臺中市第4選舉區","1","張廖萬堅"
"臺中市第5選舉區","1","盧秀燕"
"臺中市第6選舉區","1","黃國書"
"臺中市第7選舉區","1","何欣純"
"臺中市第8選舉區","1","江啟臣"
"臺中市西區","1","黃國書"
"臺中市西屯區","1","張廖萬堅"
"臺中市豐原區","1","江啟臣"
"臺中市霧峰區","1","顏寬恒"
"臺中市龍井區","1","顏寬恒"
"臺北市中山區","1","蔣萬安"
"臺北市中正區三愛里","1","林昶佐"
"臺北市中正區光復里","1","林昶佐"
"臺北市中正區南福里","1","林昶佐"
"臺北市中正區南門里","1","林昶佐"
"臺北市中正區富水里","1","賴士葆"
"臺北市中正區幸市里","1","林昶佐"
"臺北市中正區幸福里","1","林昶佐"
"臺北市中正區廈安里","1","林昶佐"
"臺北市中正區建國里","1","林昶佐"
"臺北市中正區忠勤里","1","林昶佐"
"臺北市中正區愛國里","1","林昶佐"
"臺北市中正區文北里","1","林昶佐"
"臺北市中正區文盛里","1","賴士葆"
"臺北市中正區文祥里","1","林昶佐"
"臺北市中正區新營里","1","林昶佐"
"臺北市中正區東門里","1","林昶佐"
"臺北市中正區板溪里","1","賴士葆"
"臺北市中正區林興里","1","賴士葆"
"臺北市中正區梅花里","1","林昶佐"
"臺北市中正區水源里","1","賴士葆"
"臺北市中正區永功里","1","林昶佐"
"臺北市中正區永昌里","1","林昶佐"
"臺北市中正區河堤里","1","賴士葆"
"臺北市中正區網溪里","1","賴士葆"
"臺北市中正區螢圃里","1","賴士葆"
"臺北市中正區螢雪里","1","賴士葆"
"臺北市中正區頂東里","1","賴士葆"
"臺北市中正區黎明里","1","林昶佐"
"臺北市中正區龍光里","1","林昶佐"
"臺北市中正區龍福里","1","林昶佐"
"臺北市中正區龍興里","1","林昶佐"
"臺北市信義區","1","費鴻泰"
"臺北市內湖區","1","李彥秀"
"臺北市北投區","1","吳思瑤"
"臺北市南港區","1","李彥秀"
"臺北市士林區三玉里","1","吳思瑤"
"臺北市士林區仁勇里","1","姚文智"
"臺北市士林區公館里","1","姚文智"
"臺北市士林區前港里","1","姚文智"
"臺北市士林區名山里","1","姚文智"
"臺北市士林區天和里","1","吳思瑤"
"臺北市士林區天壽里","1","吳思瑤"
"臺北市士林區天山里","1","吳思瑤"
"臺北市士林區天母里","1","吳思瑤"
"臺北市士林區天玉里","1","吳思瑤"
"臺北市士林區天祿里","1","吳思瑤"
"臺北市士林區天福里","1","吳思瑤"
"臺北市士林區富光里","1","姚文智"
"臺北市士林區富洲里","1","姚文智"
"臺北市士林區岩山里","1","姚文智"
"臺北市士林區平等里","1","姚文智"
"臺北市士林區後港里","1","姚文智"
"臺北市士林區德華里","1","吳思瑤"
"臺北市士林區德行里","1","吳思瑤"
"臺北市士林區忠誠里","1","吳思瑤"
"臺北市士林區承德里","1","姚文智"
"臺北市士林區新安里","1","姚文智"
"臺北市士林區明勝里","1","姚文智"
"臺北市士林區東山里","1","姚文智"
"臺北市士林區永倫里","1","姚文智"
"臺北市士林區永福里","1","姚文智"
"臺北市士林區溪山里","1","姚文智"
"臺北市士林區百齡里","1","姚文智"
"臺北市士林區社園里","1","姚文智"
"臺北市士林區社子里","1","姚文智"
"臺北市士林區社新里","1","姚文智"
"臺北市士林區福中里","1","姚文智"
"臺北市士林區福佳里","1","姚文智"
"臺北市士林區福安里","1","姚文智"
"臺北市士林區福德里","1","姚文智"
"臺北市士林區福志里","1","姚文智"
"臺北市士林區福林里","1","姚文智"
"臺北市士林區福華里","1","姚文智"
"臺北市士林區福順里","1","姚文智"
"臺北市士林區義信里","1","姚文智"
"臺北市士林區翠山里","1","姚文智"
"臺北市士林區聖山里","1","姚文智"
"臺北市士林區臨溪里","1","姚文智"
"臺北市士林區舊佳里","1","姚文智"
"臺北市士林區芝山里","1","姚文智"
"臺北市士林區菁山里","1","姚文智"
"臺北市士林區葫東里","1","姚文智"
"臺北市士林區葫蘆里","1","姚文智"
"臺北市士林區蘭興里","1","吳思瑤"
"臺北市士林區蘭雅里","1","吳思瑤"
"臺北市士林區陽明里","1","姚文智"
"臺北市大同區","1","姚文智"
"臺北市大安區","1","蔣乃辛"
"臺北市文山區","1","賴士葆"
"臺北市松山區三民里","1","蔣萬安"
"臺北市松山區中崙里","1","費鴻泰"
"臺北市松山區中正里","1","費鴻泰"
"臺北市松山區中華里","1","蔣萬安"
"臺北市松山區介壽里","1","蔣萬安"
"臺北市松山區吉仁里","1","費鴻泰"
"臺北市松山區吉祥里","1","費鴻泰"
"臺北市松山區安平里","1","蔣萬安"
"臺北市松山區富泰里","1","蔣萬安"
"臺北市松山區富錦里","1","蔣萬安"
"臺北市松山區復勢里","1","費鴻泰"
"臺北市松山區復建里","1","費鴻泰"
"臺北市松山區復源里","1","費鴻泰"
"臺北市松山區復盛里","1","費鴻泰"
"臺北市松山區慈祐里","1","費鴻泰"
"臺北市松山區敦化里","1","費鴻泰"
"臺北市松山區新東里","1","蔣萬安"
"臺北市松山區新益里","1","蔣萬安"
"臺北市松山區新聚里","1","費鴻泰"
"臺北市松山區東光里","1","蔣萬安"
"臺北市松山區東勢里","1","蔣萬安"
"臺北市松山區東昌里","1","蔣萬安"
"臺北市松山區東榮里","1","蔣萬安"
"臺北市松山區松基里","1","蔣萬安"
"臺北市松山區民有里","1","蔣萬安"
"臺北市松山區民福里","1","蔣萬安"
"臺北市松山區福成里","1","費鴻泰"
"臺北市松山區精忠里","1","蔣萬安"
"臺北市松山區美仁里","1","費鴻泰"
"臺北市松山區自強里","1","蔣萬安"
"臺北市松山區莊敬里","1","蔣萬安"
"臺北市松山區鵬程里","1","蔣萬安"
"臺北市松山區龍田里","1","蔣萬安"
"臺北市第1選舉區","1","吳思瑤"
"臺北市第2選舉區","1","姚文智"
"臺北市第3選舉區","1","蔣萬安"
"臺北市第4選舉區","1","李彥秀"
"臺北市第5選舉區","1","林昶佐"
"臺北市第6選舉區","1","蔣乃辛"
"臺北市第7選舉區","1","費鴻泰"
"臺北市第8選舉區","1","賴士葆"
"臺北市萬華區","1","林昶佐"
"臺南市七股區","1","黃偉哲"
"臺南市下營區","1","葉宜津"
"臺南市中西區","1","陳亭妃"
"臺南市仁德區","1","王定宇"
"臺南市佳里區","1","黃偉哲"
"臺南市六甲區","1","葉宜津"
"臺南市北區","1","陳亭妃"
"臺南市北門區","1","葉宜津"
"臺南市南化區","1","黃偉哲"
"臺南市南區","1","林俊憲"
"臺南市善化區","1","黃偉哲"
"臺南市大內區","1","黃偉哲"
"臺南市學甲區","1","葉宜津"
"臺南市安南區","1","陳亭妃"
"臺南市安定區","1","黃偉哲"
"臺南市安平區","1","林俊憲"
"臺南市官田區","1","葉宜津"
"臺南市將軍區","1","葉宜津"
"臺南市山上區","1","黃偉哲"
"臺南市左鎮區","1","黃偉哲"
"臺南市後壁區","1","葉宜津"
"臺南市新化區","1","黃偉哲"
"臺南市新市區","1","黃偉哲"
"臺南市新營區","1","葉宜津"
"臺南市東區","1","林俊憲"
"臺南市東山區","1","葉宜津"
"臺南市柳營區","1","葉宜津"
"臺南市楠西區","1","黃偉哲"
"臺南市歸仁區","1","王定宇"
"臺南市永康區","1","王定宇"
"臺南市玉井區","1","黃偉哲"
"臺南市白河區","1","葉宜津"
"臺南市第1選舉區","1","葉宜津"
"臺南市第2選舉區","1","黃偉哲"
"臺南市第3選舉區","1","陳亭妃"
"臺南市第4選舉區","1","林俊憲"
"臺南市第5選舉區","1","王定宇"
"臺南市西港區","1","黃偉哲"
"臺南市關廟區","1","王定宇"
"臺南市鹽水區","1","葉宜津"
"臺南市麻豆區","1","黃偉哲"
"臺南市龍崎區","1","王定宇"
"臺東縣","1","劉櫂豪"
"臺東縣第1選舉區","1","劉櫂豪"
"臺西鄉","1","蘇治芬"
"興中里","1","賴瑞隆"
"興化里","1","賴瑞隆"
"興和里","1","陳學聖"
"興國里","1","陳學聖"
"興平里","1","陳學聖"
"興德里","1","管碧玲"
"興東里","1","趙天麟"
"興漢里","1","吳秉叡"
"興邦里","1","賴瑞隆"
"舊佳里","1","姚文智"
"舊明里","1","陳學聖"
"良和里","1","賴瑞隆"
"芝山里","1","姚文智"
"芝芭里","1","陳學聖"
"芬園鄉","1","黃秀芳"
"花壇鄉","1","黃秀芳"
"花蓮縣","1","蕭美琴"
"花蓮縣第1選舉區","1","蕭美琴"
"芳苑鄉","1","洪宗熠"
"苑裡鎮","1","陳超明"
"苓雅區","1","趙天麟"
"苗栗市","1","徐志榮"
"苗栗縣三灣鄉","1","徐志榮"
"苗栗縣三義鄉","1","陳超明"
"苗栗縣公館鄉","1","徐志榮"
"苗栗縣卓蘭鎮","1","徐志榮"
"苗栗縣南庄鄉","1","徐志榮"
"苗栗縣大湖鄉","1","徐志榮"
"苗栗縣後龍鎮","1","陳超明"
"苗栗縣泰安鄉","1","徐志榮"
"苗栗縣獅潭鄉","1","徐志榮"
"苗栗縣竹南鎮","1","陳超明"
"苗栗縣第1選舉區","1","陳超明"
"苗栗縣第2選舉區","1","徐志榮"
"苗栗縣苑裡鎮","1","陳超明"
"苗栗縣苗栗市","1","徐志榮"
"苗栗縣西湖鄉","1","陳超明"
"苗栗縣通霄鎮","1","陳超明"
"苗栗縣造橋鄉","1","陳超明"
"苗栗縣銅鑼鄉","1","陳超明"
"苗栗縣頭份鎮","1","徐志榮"
"苗栗縣頭屋鄉","1","徐志榮"
"茂林區","1","邱議瑩"
"茄萣區","1","邱志偉"
"草屯鎮","1","馬文君"
"草衙里","1","賴瑞隆"
"莒光里","1","張宏陸"
"莿桐鄉","1","劉建國"
"菁山里","1","姚文智"
"菜寮里","1","高志鵬"
"華中里","1","羅致政"
"華勛里","1","趙正宇"
"華南里","1","江永昌"
"華德里","1","羅致政"
"華愛里","1","陳學聖"
"華新里","1","江永昌"
"華東里","1","羅致政"
"華江里","1","張宏陸"
"華福里","1","羅致政"
"華翠里","1","張宏陸"
"華興里","1","羅致政"
"華貴里","1","羅致政"
"萬丹鄉","1","鍾佳濱"
"萬安里","1","吳秉叡"
"萬巒鄉","1","蘇震清"
"萬華區","1","林昶佐"
"萬里區","1","黃國昌"
"葫東里","1","姚文智"
"葫蘆里","1","姚文智"
"蘆洲區","1","林淑芬"
"蘆竹區","1","鄭運鵬"
"蘭興里","1","吳思瑤"
"蘭雅里","1","吳思瑤"
"虎尾鎮","1","蘇治芬"
"螢圃里","1","賴士葆"
"螢雪里","1","賴士葆"
"褒忠鄉","1","蘇治芬"
"西區","1","黃國書"
"西埔里","1","鄭寶清"
"西安里","1","羅致政"
"西屯區","1","張廖萬堅"
"西山里","1","賴瑞隆"
"西榮里","1","何欣純"
"西港區","1","黃偉哲"
"西湖鄉","1","陳超明"
"西甲里","1","賴瑞隆"
"西盛里","1","蘇巧慧"
"西螺鎮","1","劉建國"
"西門里","1","鄭寶清"
"觀音區","1","陳賴素美"
"谷王里","1","高志鵬"
"豐原區","1","江啟臣"
"豐年里","1","吳秉叡"
"豐林里","1","鄭寶清"
"豐裕里","1","管碧玲"
"貢寮區","1","黃國昌"
"赤松里","1","張宏陸"
"路竹區","1","邱志偉"
"車城鄉","1","莊瑞雄"
"通霄鎮","1","陳超明"
"造橋鄉","1","陳超明"
"連和里","1","江永昌"
"連城里","1","江永昌"
"連江縣","1","陳雪生"
"連江縣第1選舉區","1","陳雪生"
"過嶺里","1","陳學聖"
"過田里","1","高志鵬"
"達仁里","1","管碧玲"
"達勇里","1","管碧玲"
"達德里","1","管碧玲"
"達明里","1","管碧玲"
"那瑪夏區","1","邱議瑩"
"鄉雲里","1","羅致政"
"里港鄉","1","蘇震清"
"重慶里","1","羅致政"
"重新里","1","高志鵬"
"重明里","1","高志鵬"
"重陽里","1","高志鵬"
"金城里","1","何欣純"
"金山區","1","黃國昌"
"金門縣","1","楊鎮浯"
"金門縣第1選舉區","1","楊鎮浯"
"銅鑼鄉","1","陳超明"
"錦中里","1","江永昌"
"錦和里","1","江永昌"
"錦安里","1","高志鵬"
"錦昌里","1","江永昌"
"錦江里","1","高志鵬"
"錦田里","1","高志鵬"
"錦盛里","1","江永昌"
"錦通里","1","高志鵬"
"鎮中里","1","賴瑞隆"
"鎮北里","1","賴瑞隆"
"鎮昌里","1","賴瑞隆"
"鎮東里","1","賴瑞隆"
"鎮榮里","1","賴瑞隆"
"鎮海里","1","賴瑞隆"
"鎮陽里","1","賴瑞隆"
"長元里","1","高志鵬"
"長壽里","1","羅致政"
"長德里","1","鄭寶清"
"長明里","1","管碧玲"
"長榮里","1","何欣純"
"長江里","1","高志鵬"
"長治鄉","1","蘇震清"
"長泰里","1","高志鵬"
"長生里","1","高志鵬"
"長福里","1","高志鵬"
"長美里","1","鄭寶清"
"開元里","1","高志鵬"
"關廟區","1","王定宇"
"阿蓮區","1","邱議瑩"
"阿里山鄉","1","陳明文"
"集集鎮","1","許淑華"
"雙園里","1","高志鵬"
"雙溪區","1","黃國昌"
"雙玉里","1","羅致政"
"雙鳳里","1","吳秉叡"
"雲林縣二崙鄉","1","劉建國"
"雲林縣元長鄉","1","蘇治芬"
"雲林縣北港鎮","1","蘇治芬"
"雲林縣口湖鄉","1","蘇治芬"
"雲林縣古坑鄉","1","劉建國"
"雲林縣四湖鄉","1","蘇治芬"
"雲林縣土庫鎮","1","蘇治芬"
"雲林縣大埤鄉","1","劉建國"
"雲林縣崙背鄉","1","劉建國"
"雲林縣斗六市","1","劉建國"
"雲林縣斗南鎮","1","劉建國"
"雲林縣東勢鄉","1","蘇治芬"
"雲林縣林內鄉","1","劉建國"
"雲林縣水林鄉","1","蘇治芬"
"雲林縣第1選舉區","1","蘇治芬"
"雲林縣第2選舉區","1","劉建國"
"雲林縣臺西鄉","1","蘇治芬"
"雲林縣莿桐鄉","1","劉建國"
"雲林縣虎尾鎮","1","蘇治芬"
"雲林縣褒忠鄉","1","蘇治芬"
"雲林縣西螺鎮","1","劉建國"
"雲林縣麥寮鄉","1","蘇治芬"
"雲林里","1","鄭寶清"
"霧峰區","1","顏寬恒"
"霧臺鄉","1","蘇震清"
"青埔里","1","陳學聖"
"青溪里","1","鄭運鵬"
"青翠里","1","張宏陸"
"頂南里","1","江永昌"
"頂崁里","1","高志鵬"
"頂東里","1","賴士葆"
"順德里","1","高志鵬"
"頭份鎮","1","徐志榮"
"頭前里","1","吳秉叡"
"頭屋鄉","1","徐志榮"
"香丘里","1","羅致政"
"香社里","1","張宏陸"
"香雅里","1","張宏陸"
"高樹鄉","1","蘇震清"
"高雄市三民區力行里","1","管碧玲"
"高雄市三民區十全里","1","管碧玲"
"高雄市三民區十美里","1","管碧玲"
"高雄市三民區千北里","1","管碧玲"
"高雄市三民區千歲里","1","管碧玲"
"高雄市三民區千秋里","1","管碧玲"
"高雄市三民區博惠里","1","管碧玲"
"高雄市三民區博愛里","1","管碧玲"
"高雄市三民區同德里","1","管碧玲"
"高雄市三民區安吉里","1","李昆澤"
"高雄市三民區安和里","1","管碧玲"
"高雄市三民區安宜里","1","管碧玲"
"高雄市三民區安寧里","1","李昆澤"
"高雄市三民區安康里","1","李昆澤"
"高雄市三民區安東里","1","管碧玲"
"高雄市三民區安泰里","1","管碧玲"
"高雄市三民區安生里","1","管碧玲"
"高雄市三民區安發里","1","李昆澤"
"高雄市三民區安邦里","1","管碧玲"
"高雄市三民區寶中里","1","李昆澤"
"高雄市三民區寶國里","1","李昆澤"
"高雄市三民區寶安里","1","李昆澤"
"高雄市三民區寶德里","1","李昆澤"
"高雄市三民區寶慶里","1","李昆澤"
"高雄市三民區寶業里","1","李昆澤"
"高雄市三民區寶民里","1","李昆澤"
"高雄市三民區寶泰里","1","李昆澤"
"高雄市三民區寶獅里","1","李昆澤"
"高雄市三民區寶玉里","1","李昆澤"
"高雄市三民區寶珠里","1","李昆澤"
"高雄市三民區寶盛里","1","李昆澤"
"高雄市三民區寶興里","1","李昆澤"
"高雄市三民區寶華里","1","李昆澤"
"高雄市三民區寶龍里","1","李昆澤"
"高雄市三民區川東里","1","管碧玲"
"高雄市三民區建東里","1","管碧玲"
"高雄市三民區德仁里","1","管碧玲"
"高雄市三民區德北里","1","管碧玲"
"高雄市三民區德智里","1","管碧玲"
"高雄市三民區德東里","1","管碧玲"
"高雄市三民區德行里","1","管碧玲"
"高雄市三民區德西里","1","管碧玲"
"高雄市三民區本上里","1","李昆澤"
"高雄市三民區本元里","1","李昆澤"
"高雄市三民區本和里","1","李昆澤"
"高雄市三民區本安里","1","李昆澤"
"高雄市三民區本揚里","1","李昆澤"
"高雄市三民區本文里","1","李昆澤"
"高雄市三民區本武里","1","李昆澤"
"高雄市三民區本館里","1","李昆澤"
"高雄市三民區正興里","1","李昆澤"
"高雄市三民區正順里","1","李昆澤"
"高雄市三民區民享里","1","管碧玲"
"高雄市三民區港新里","1","管碧玲"
"高雄市三民區港東里","1","管碧玲"
"高雄市三民區港西里","1","管碧玲"
"高雄市三民區灣中里","1","李昆澤"
"高雄市三民區灣利里","1","李昆澤"
"高雄市三民區灣勝里","1","李昆澤"
"高雄市三民區灣子里","1","李昆澤"
"高雄市三民區灣復里","1","李昆澤"
"高雄市三民區灣愛里","1","李昆澤"
"高雄市三民區灣成里","1","李昆澤"
"高雄市三民區灣興里","1","李昆澤"
"高雄市三民區灣華里","1","李昆澤"
"高雄市三民區立德里","1","管碧玲"
"高雄市三民區立業里","1","管碧玲"
"高雄市三民區立誠里","1","管碧玲"
"高雄市三民區精華里","1","管碧玲"
"高雄市三民區興德里","1","管碧玲"
"高雄市三民區裕民里","1","管碧玲"
"高雄市三民區豐裕里","1","管碧玲"
"高雄市三民區達仁里","1","管碧玲"
"高雄市三民區達勇里","1","管碧玲"
"高雄市三民區達德里","1","管碧玲"
"高雄市三民區達明里","1","管碧玲"
"高雄市三民區長明里","1","管碧玲"
"高雄市三民區鳳北里","1","管碧玲"
"高雄市三民區鳳南里","1","管碧玲"
"高雄市三民區鼎中里","1","李昆澤"
"高雄市三民區鼎力里","1","李昆澤"
"高雄市三民區鼎強里","1","李昆澤"
"高雄市三民區鼎泰里","1","李昆澤"
"高雄市三民區鼎盛里","1","李昆澤"
"高雄市三民區鼎西里","1","李昆澤"
"高雄市三民區鼎金里","1","李昆澤"
"高雄市仁武區","1","林岱樺"
"高雄市內門區","1","邱議瑩"
"高雄市六龜區","1","邱議瑩"
"高雄市前金區","1","趙天麟"
"高雄市前鎮區仁愛里","1","賴瑞隆"
"高雄市前鎮區信德里","1","賴瑞隆"
"高雄市前鎮區信義里","1","賴瑞隆"
"高雄市前鎮區前鎮里","1","賴瑞隆"
"高雄市前鎮區平昌里","1","賴瑞隆"
"高雄市前鎮區平等里","1","賴瑞隆"
"高雄市前鎮區建隆里","1","賴瑞隆"
"高雄市前鎮區復國里","1","趙天麟"
"高雄市前鎮區德昌里","1","賴瑞隆"
"高雄市前鎮區忠孝里","1","賴瑞隆"
"高雄市前鎮區忠純里","1","賴瑞隆"
"高雄市前鎮區忠誠里","1","賴瑞隆"
"高雄市前鎮區振興里","1","賴瑞隆"
"高雄市前鎮區明孝里","1","賴瑞隆"
"高雄市前鎮區明正里","1","賴瑞隆"
"高雄市前鎮區明禮里","1","賴瑞隆"
"高雄市前鎮區明義里","1","賴瑞隆"
"高雄市前鎮區明道里","1","賴瑞隆"
"高雄市前鎮區民權里","1","賴瑞隆"
"高雄市前鎮區瑞北里","1","賴瑞隆"
"高雄市前鎮區瑞南里","1","賴瑞隆"
"高雄市前鎮區瑞和里","1","賴瑞隆"
"高雄市前鎮區瑞崗里","1","賴瑞隆"
"高雄市前鎮區瑞平里","1","賴瑞隆"
"高雄市前鎮區瑞文里","1","賴瑞隆"
"高雄市前鎮區瑞昌里","1","賴瑞隆"
"高雄市前鎮區瑞東里","1","賴瑞隆"
"高雄市前鎮區瑞祥里","1","賴瑞隆"
"高雄市前鎮區瑞竹里","1","賴瑞隆"
"高雄市前鎮區瑞興里","1","賴瑞隆"
"高雄市前鎮區瑞華里","1","賴瑞隆"
"高雄市前鎮區瑞西里","1","賴瑞隆"
"高雄市前鎮區瑞誠里","1","賴瑞隆"
"高雄市前鎮區瑞豐里","1","賴瑞隆"
"高雄市前鎮區瑞隆里","1","賴瑞隆"
"高雄市前鎮區盛興里","1","賴瑞隆"
"高雄市前鎮區盛豐里","1","賴瑞隆"
"高雄市前鎮區竹中里","1","趙天麟"
"高雄市前鎮區竹內里","1","趙天麟"
"高雄市前鎮區竹北里","1","趙天麟"
"高雄市前鎮區竹南里","1","趙天麟"
"高雄市前鎮區竹東里","1","趙天麟"
"高雄市前鎮區竹西里","1","趙天麟"
"高雄市前鎮區興中里","1","賴瑞隆"
"高雄市前鎮區興仁里","1","賴瑞隆"
"高雄市前鎮區興化里","1","賴瑞隆"
"高雄市前鎮區興東里","1","趙天麟"
"高雄市前鎮區興邦里","1","賴瑞隆"
"高雄市前鎮區良和里","1","賴瑞隆"
"高雄市前鎮區草衙里","1","賴瑞隆"
"高雄市前鎮區西山里","1","賴瑞隆"
"高雄市前鎮區西甲里","1","賴瑞隆"
"高雄市前鎮區鎮中里","1","賴瑞隆"
"高雄市前鎮區鎮北里","1","賴瑞隆"
"高雄市前鎮區鎮昌里","1","賴瑞隆"
"高雄市前鎮區鎮東里","1","賴瑞隆"
"高雄市前鎮區鎮榮里","1","賴瑞隆"
"高雄市前鎮區鎮海里","1","賴瑞隆"
"高雄市前鎮區鎮陽里","1","賴瑞隆"
"高雄市大寮區","1","林岱樺"
"高雄市大樹區","1","邱議瑩"
"高雄市大社區","1","邱議瑩"
"高雄市小港區","1","賴瑞隆"
"高雄市岡山區","1","邱志偉"
"高雄市左營區","1","劉世芳"
"高雄市彌陀區","1","邱志偉"
"高雄市新興區","1","趙天麟"
"高雄市旗山區","1","邱議瑩"
"高雄市旗津區","1","管碧玲"
"高雄市杉林區","1","邱議瑩"
"高雄市林園區","1","林岱樺"
"高雄市桃源區","1","邱議瑩"
"高雄市梓官區","1","邱志偉"
"高雄市楠梓區","1","劉世芳"
"高雄市橋頭區","1","邱志偉"
"高雄市永安區","1","邱志偉"
"高雄市湖內區","1","邱志偉"
"高雄市燕巢區","1","邱議瑩"
"高雄市田寮區","1","邱議瑩"
"高雄市甲仙區","1","邱議瑩"
"高雄市第1選舉區","1","邱議瑩"
"高雄市第2選舉區","1","邱志偉"
"高雄市第3選舉區","1","劉世芳"
"高雄市第4選舉區","1","林岱樺"
"高雄市第5選舉區","1","管碧玲"
"高雄市第6選舉區","1","李昆澤"
"高雄市第7選舉區","1","趙天麟"
"高雄市第8選舉區","1","許智傑"
"高雄市第9選舉區","1","賴瑞隆"
"高雄市美濃區","1","邱議瑩"
"高雄市苓雅區","1","趙天麟"
"高雄市茂林區","1","邱議瑩"
"高雄市茄萣區","1","邱志偉"
"高雄市路竹區","1","邱志偉"
"高雄市那瑪夏區","1","邱議瑩"
"高雄市阿蓮區","1","邱議瑩"
"高雄市鳥松區","1","林岱樺"
"高雄市鳳山區","1","許智傑"
"高雄市鹽埕區","1","管碧玲"
"高雄市鼓山區","1","管碧玲"
"魚池鄉","1","馬文君"
"鳥松區","1","林岱樺"
"鳳北里","1","管碧玲"
"鳳南里","1","管碧玲"
"鳳山區","1","許智傑"
"鵬程里","1","蔣萬安"
"鶯歌區","1","蘇巧慧"
"鹽埔鄉","1","蘇震清"
"鹽埕區","1","管碧玲"
"鹽水區","1","葉宜津"
"鹿港鎮","1","王惠美"
"鹿草鄉","1","蔡易餘"
"鹿谷鄉","1","許淑華"
"麟洛鄉","1","鍾佳濱"
"麥寮鄉","1","蘇治芬"
"麻豆區","1","黃偉哲"
"黃石里","1","張宏陸"
"黎明里","1","林昶佐"
"鼎中里","1","李昆澤"
"鼎力里","1","李昆澤"
"鼎強里","1","李昆澤"
"鼎泰里","1","李昆澤"
"鼎盛里","1","李昆澤"
"鼎西里","1","李昆澤"
"鼎金里","1","李昆澤"
"鼓山區","1","管碧玲"
"龍井區","1","顏寬恒"
"龍光里","1","林昶佐"
"龍壽里","1","鄭寶清"
"龍山里","1","鄭寶清"
"龍崎區","1","王定宇"
"龍平里","1","陳學聖"
"龍德里","1","陳學聖"
"龍慈里","1","陳學聖"
"龍昌里","1","陳學聖"
"龍東里","1","陳學聖"
"龍潭區","1","呂玉玲"
"龍濱里","1","高志鵬"
"龍田里","1","蔣萬安"
"龍祥里","1","鄭寶清"
"龍翠里","1","張宏陸"
"龍門里","1","高志鵬"
"龜山區","1","鄭運鵬"
